-- Adminer 4.6.2 MySQL dump

SET NAMES utf8;
SET time_zone = '+00:00';
SET foreign_key_checks = 0;
SET sql_mode = 'NO_AUTO_VALUE_ON_ZERO';

DROP TABLE IF EXISTS `announcements`;
CREATE TABLE `announcements` (
  `id` int(100) NOT NULL AUTO_INCREMENT,
  `user_id` int(100) NOT NULL,
  `announcement` varchar(1000) NOT NULL,
  `timestamp` datetime NOT NULL DEFAULT CURRENT_TIMESTAMP,
  PRIMARY KEY (`id`)
) ENGINE=InnoDB DEFAULT CHARSET=utf8;

INSERT INTO `announcements` (`id`, `user_id`, `announcement`, `timestamp`) VALUES
(14,	34,	'Hi new book launching',	'2021-11-09 11:06:28'),
(15,	34,	'Hi',	'2021-11-09 11:06:58'),
(16,	34,	'Fb tb',	'2021-11-20 07:13:44'),
(17,	34,	'6g6g6g',	'2021-11-20 07:15:58'),
(18,	34,	'Fhtht',	'2021-11-20 07:17:00'),
(25,	36,	'we are going to publish one more book and I\'m sure people will definitely love it because its a crime story but with love and drama so don\'t miss it and give me thumbs up ',	'2022-03-01 08:19:27'),
(26,	37,	'Hello dearies, many of you may already know me but I\'ll still formally introduce myself. My name is Moniba, commonly known by my pen name \'S0lvingMysTeriEs\'. I have created this new novel reading platform with a big vision in mind, I hope you guys support me and help in building this platform into a successful reading community.',	'2022-08-15 21:07:50');

DROP TABLE IF EXISTS `books`;
CREATE TABLE `books` (
  `book_id` int(100) NOT NULL AUTO_INCREMENT,
  `name` varchar(255) NOT NULL,
  `genre` varchar(255) NOT NULL,
  `complete` varchar(1000) DEFAULT NULL,
  `mature` varchar(1000) DEFAULT NULL,
  `copyrights` varchar(2000) DEFAULT NULL,
  `tags` varchar(2000) DEFAULT NULL,
  `description` varchar(5000) NOT NULL,
  `image` varchar(555) NOT NULL,
  `ratings` int(255) NOT NULL DEFAULT '0',
  `points` int(255) NOT NULL DEFAULT '0',
  `credit` int(255) NOT NULL DEFAULT '0',
  `user_id` int(255) NOT NULL,
  `timestamp` date DEFAULT NULL,
  `book_inactive` varchar(255) NOT NULL DEFAULT 'active',
  `publish_status` varchar(255) NOT NULL DEFAULT 'unpublished',
  PRIMARY KEY (`book_id`)
) ENGINE=InnoDB DEFAULT CHARSET=utf8;

INSERT INTO `books` (`book_id`, `name`, `genre`, `complete`, `mature`, `copyrights`, `tags`, `description`, `image`, `ratings`, `points`, `credit`, `user_id`, `timestamp`, `book_inactive`, `publish_status`) VALUES
(58,	'The Agreement',	'11',	'false',	'true',	'All Rights Reserved',	'#mafia  #family #romance #billionaire',	'\n\"If you inflict pain on me, I\'ll make sure you go through the same..\"\n           \n\n17 year old Valentina Smith a girl full of life. She had it all a normal girl could ask for. Good parents, good grades, friends that had her back, and a loving big brother.\n\nBut one mistake of her brother leads to her walking down the aisle as the bride of the heartless Italian mafia Capo Alessandro Romano.\n\nAlessandro has been void of feelings for the past 2 decades while Valentina expresses herself. What happens when these two collide?\n\nJoin the journey of Valentina as she is thrust into a new life of mafia, blood shed and illegal activities. In between all the chaos she tries to win over her heartless husband.\n\nShe learns that no one could be trusted around her, maybe not even the man she has gotten used to call her husband. Will she be able to keep up the fight as she faces betrayal, pain and family secrets?\n\nCan she give up after all she is bind to him by \'The Agreement\'.',	'image_picker7454535763778463679.jpg',	0,	0,	0,	37,	'2021-11-05',	'active',	'published'),
(59,	'Celeste',	'14',	'false',	'true',	'All Rights Reserved',	'#werewolves #moongoddess #mates #Luna #Alpha     ',	'Theodore has been in love with Celeste since before he was even aware about the true meaning of that word.\r\n\r\nTheo had not left Celeste\'s side from the day she was born, and each day it got harder and harder to separate the two kids, and one day both of them confessed their love for each other.\r\n\r\nTheo was possessive and obsessive, the true definition of a hot blooded alpha male. He couldn\'t imagine his life without his Celeste.\r\n\r\nThe whole pack was sure that they were destined mates, even the two love birds were sure about it.\r\n\r\nBut what if on Theodore\'s 18th birthday things don\'t go as planned, how will the two lovers cope with the challenges and pain that will stand in front of them.\r\n\r\nWill the young lovers be able to stay together? Will they be able to defy the Moon goddess?\r\n\r\nWe all know there\'s always a price to be paid for love, and in this story the price is unimaginable pain.',	'image_picker4232715167055186489.png',	0,	0,	0,	37,	'2021-11-12',	'active',	'published'),
(66,	'Her Saving Grace',	'13',	'true',	'false',	'All Rights Reserved',	'Romance, abuse, badboy, fight, goodgirl, highschool, lies, love, past, secrets.   ',	'Kayla Green is not your typical girl. She is known and she has friends. People talk to her because of her easy going personality and caring attitude.\n\nEven though Kayla seems happy at school and is always chirpy, she didn\'t have things easy at home, so she uses school and her friends as a way of escaping her problems. No one knew about her problems, not even her best friends. \n\nCarson Knight, the school\'s bad boy, who has his own secrets, has soon become a part of Kayla\'s life. He is very dangerous, cold hearted and a player. Would he be another bad thing to add to her life or would he be her saving grace? ',	'image_picker289380253194226641.jpg',	0,	0,	0,	57,	'2022-01-29',	'active',	'published'),
(67,	'Just A Kiss',	'13',	'true',	'false',	'All Rights Reserved',	'Badboy, cheat, fakedate, heartbreak, highschool, jealousy, love, nextdoorneighbour, player, teenromance.',	'\"I have this strong urge to kiss you.\" he said as his eyes flicked to my lips and then back to my eyes.\n\nI felt my heartbeat increasing and my knees were starting to feel weak by his closeness. I wet my lips, \"Uh...no one is around. There is no need.\" I said through the lump in my throat.\n\n\"I know, but I just want to.\" he said as he crashes his lips to mine.\n\n~~~~~~\n\nEmily Samuels was devastated when she found her boyfriend of a year cheating on her. She was angry and hurt that she swore she would never forgive him. Logan has apologised to her and said it was a mistake, but Emily did not want to hear it. She also turned him down when he begged for her back.\n\nLogan\'s plea for her has gotten consistent that Emily wanted him to stop, so she did something that she hadn\'t expected to do...\n\nShe kissed the school\'s bad boy and heartthrob, Tyler King.\n\nShe only did that to let Logan see that she has moved on. Tyler, on the other hand, got an idea, so he strike a deal with Emily - To pretend that they were dating.\n\nSpending a lot of time with the bad boy has allowed Emily to see the real Tyler. Would their fake-dating be just that; fake? Or would it turn out to be real?',	'image_picker5064290571310800482.jpg',	0,	0,	0,	57,	'2022-01-29',	'active',	'published'),
(68,	'THE MYSTERIOUS QUEEN',	'9',	'false',	'true',	'All Rights Reserved',	' #mafia #mafialove #assassin #queen #badass #lostbrother #bloodandgore #supernatural #americanmafia #magic #love #rich #revenge #multibillionaire  ',	'MAGICAL MAFIA SERIES: BOOK 1\n\n\n| 18+ |\n\n\nAn expensive car, red Lykan HyperSport car is racing on the roads of Moscow, Russia. Inside the car a lady in a black suit complementing it with dark crimson lipstick is seated behind the wheel, driving like the roads will catch fire. After driving for a few minutes she entered a private land which is like a forest, in a distance beautifully designed strong gates of iron can be seen which the entry is to a magnificent castle. As she reached in front of the gate the buff guards didn\'t waste a minute and instantly opened it for their boss to enter.\n\nParking her car in the garage beside the castle she stepped out elegantly from her car. Her each stride while entering the mansion reeked power and dominance with a mysterious aura radiating from her.\n\nThe structure standing graciously will not be called a mansion, it\'s a castle that looked so magnificent in daylight. \n\nThe old butler and head maid bowed their head and in return she greeted them. Everyone respects her in this household not because of her cold-hearted nature but due to her deeds.\n\n\"SHE IS DEVIL, SHE IS SIN\"\n\n_______________________\n\nTo read the full description go to SYNOPSIS.\n\n\nThis is not a cliche story like other few mafia books.\n\n⚠️Please be aware this is an unedited edition.\n\n⚠️Be advised that this book contains strong language and mature themes.\n\n\n\nCopyright © 2021 Aviana King',	'image_picker4825530581642096873.png',	0,	0,	0,	60,	'2022-01-30',	'active',	'published'),
(70,	'Her Insurgence',	'11',	'false',	'true',	'All Rights Reserved',	'womanpower @revival @woman power ',	'Nikita Kyla is a girl who life has treated unfairly. she has been misused, abused, betrayed, but despite all that she still rises up and makes a place for her self in their world. ',	'image_picker6989677249239738745.jpg',	0,	0,	0,	61,	'2022-02-03',	'active',	'published'),
(74,	'His Daisy ',	'11',	'false',	'true',	'All Rights Reserved',	'#darkromance #billionare #mafia #maid #pain #betrayal ',	'Daisy enters the Italian mafia palace as a new maid with only one intention in mind, to change her families living conditions for the better.\n\nShe wants to do her work in peace, hoping that she won\'t get in trouble during her stay in the palace but all her hopes go down in drain when Salvatore takes interest in her.\n\nSalvatore, the second son of the mafia king, a useless being for the family, a second option if anything bad happens with the first son.\n\nHe has been raised with neglect and tossed around without a care, Salvatore doesn\'t know love, he\'s filled with hate and anger but it all changes when a certain maid enters his life showing him just how wrong he thinks about life.\n\nWill love bloom between this odd pair? and even if it does, will the mafia family accept Daisy? After all Salvatore is a mafia prince and her a mere maid.\n\nJoin the journey of these two as they lead a difficult path to find forever love and happiness.',	'image_picker4422932378906514896.png',	0,	0,	0,	37,	'2022-07-11',	'active',	'published'),
(75,	'THE VAMPIRE\'S RETRIBUTION ',	'9',	'false',	'true',	'All Rights Reserved',	'#vampie #suspense #revenge #suffer #curiosity #betray #bloodsucker #innocent #pessimistic                                                                                                                                                     ',	'An orphan, who imply arose happy but was genuinely terribly crippled. His life was  passing with his pain when a sudden incident changes his whole life.......\n\nThis incident makes his life more terrible, with that he also gets to know about many unknown facts which he wasn\'t aware of before, and each fact was more surprising than the earlier one.\n\n----------------------------------------\n\nA Girl, living happily with her family BUT one day she detect about the truth of her family.\n\nShe tries to know more, but she was behind time for that...\nShe can\'t do anything except regret herself and blame herself......\n\nUnless she finds out about a truth as....\n\n----------------------------------------\n\nGirl, who unconsciously fall for a guy.\nshe was this much shy that she even can\'t disclose her feeling.....\nAfter a long as she explicit  her feeling she also get to know about a awful fact about that guy..... throw which She can\'t decide to acquire or allowance her love??\n\n---------------------------------------\n\nVampire, who don\'t want to be the one which he was, but he even can\'t change  his self. Even after being a blood sucker, he never discomfort anyone until.......\nHe was betrayed and was pursuing for his \"REVENGE\"\n\n-------------------------------------\n\nThis story is a mixture of love, betrayal, Innocence, suffering, curiosity, heartbreak, evil, charm, consideration and many more other feelings.',	'image_picker1013409465282497556.jpg',	0,	0,	0,	82,	'2022-08-13',	'active',	'published'),
(76,	'THE ANONYMOUS DEVIL ',	'8',	'false',	'true',	'All Rights Reserved',	'   ',	'The story of a pessimistic girl. She is quite upset. A storm is raging inside her but from outside she is silent. She wants a person with whom she can trust and share everything.\nBut how can she find such a person??\n\n--------------------------\n\nA boy who is considerate and convivial guy. His love for everyone is pure. \nBUT Is his love for everyone really true? \n\n-----------------------\n\nA devil, who wants to kill everyone because this world is so cruel. \nBut why ?\nWill he be able to do it? ',	'image_picker8550924663849230051.jpg',	0,	0,	0,	83,	'2022-09-03',	'active',	'published'),
(77,	'The Mafia King And His Obsession',	'11',	'false',	'false',	'All Rights Reserved',	'#mafia #revenge #secondchance #mafia #revenge #secondchance',	'Lexi Rose is a girl that left home at a very tender age with the aspirations to make it big in the City. She desired all the things, the love, and the fulfillment that she lacked as a child. With a family that has shunned her, she navigates her way through life, looking for that one thing she lacks…the perfect man on her side.\n\nLucas Lucero is a ruthless Mafia Boss designed to drive any woman to the heights of seven sensations of pleasure. With abs that flex as he moves, he is elegant yet the most powerful man in the state. With a rather bad reputation on his side, he will break your heart if you ever find yourself on his side.\n\nBut Lucas dangles his finger in everything that brings danger and is for certain forbidden. Yet, his paths cross with Lexi, and from the minute they make eye contact, he is captivated.\n\nThough Lexi is different from most of the girls he is used to occupying himself with. She is Bipolar, which makes her life wild and unpredictable, and practically uncontrollable most of the time.\n\nYet, Lucas has the determination to tame her and let her take her rightful place by his side.\n\nWill Lucas and Lexi be able to survive a relationship that will be nothing but a rollercoaster ride?\n\nCan he understand the woman behind the disease and love her for who she is deep in her heart?',	'image_picker6013961820474610348.png',	0,	0,	0,	95,	'2022-09-12',	'active',	'published'),
(78,	'The Alpha Vampire Master',	'15',	'false',	'false',	'All Rights Reserved',	'#vampire #werewolf #angel #hunter',	'Who are you, Sebastian?\"\n\n\"I think I can ask the same. Where did you come from, Anastasia?\"\n\nAs soon as the last syllable escapes my lips, we find ourselves interlocked in a kiss. Knowing my full attention, I stop to ask, \"Are you sure you want to do this, Anastasia?\"\n\n\"The only thing I\'m sure of is the way you are making me feel.\"\n\nUnable to contain myself, I pull her into a fiery and passionate kiss. All my thoughts are obliterated. For the first time in over two hundred years, I am kissing a mortal woman. I can feel the hunger grow inside me, the pleasure building towards a peak. I pull her even tighter into my body. I can smell her arousal, and it only fuels me. The kiss is getting deeper and deeper with every breath that we take.\n\n\"What are we doing, Sebastian?\"\n\n\"Anastasia, let me show you.”\n\nVampire Master, Sebastian Belmont, has been carved to perfection for over two hundred years. Drawn to danger, he dangles his fingers in all that is supernatural and has great power beyond compare. Ruthless, yet charming, he rules his empire with an iron fist.\n\nWith a line of scorned ex-lovers left behind, this charming Vampire is set to cross paths with Anastasia Santi.\n\nAnastasia Santi is a young girl that has great aspirations and desires all the things, the love, and the fulfillment that she dreamed of as a child. She is strong-willed and always finds herself in some sort of trouble she needs saving from. \n\nThough one fateful night, Sebastian crosses the line and sets his life in a new direction. A destiny toward a great legacy and to all things that goes bump in the night.\n\nBut the ultimate sacrifice lies at the end… \n\nWill Sebastian give up the one thing that he values the most…his immortality…',	'image_picker3400078998298460939.jpg',	0,	0,	0,	95,	'2022-09-19',	'active',	'published'),
(79,	'The Soldier Next Door',	'11',	'false',	'false',	'All Rights Reserved',	'#soldier #marine #secondchance #disability #soldier #marine #secondchance #disability',	'What makes a hero?\n\nThey say a hero is someone that has given his life to something bigger than himself.\n\nI say a hero is no braver than an ordinary man, he is just braver for five minutes longer.\n\nAll soldiers are brave, it\'s what they do with their bravery that makes them heroes.\n\nAm I a hero?\n\nI am a soldier that put my life on the line to save my squad. It is my job, doing my job should not make me a hero.\n\nClayton Jackson is a First Lieutenant in the Marine Corps. He joined the Marines at the tender age of eighteen and has never dreamt of doing anything else. After a fateful accident during deployment, Clayton becomes disabled and gets his ticket back home. \n\nIsabella Jones, previously married to a Marine, runs away to the town where Clayton lives to get away from her past. \n\nClayton and Isabella meet one day as they both seek the comfort of the outdoors to clear their heads. The connection is immediate, and their relationship is off to a quick start. \n\nWhen Clayton gets the opportunity to return to the Marine Corps, Isabella is left to decide if she will go with him or stay behind. \n\nWill Clayton become the ultimate soldier, and will he have Isabella by his side?',	'image_picker313440361330801316.jpg',	0,	0,	0,	95,	'2022-09-19',	'active',	'published'),
(80,	'REALITY OF THE WORLD ',	'24',	'false',	'true',	'All Rights Reserved',	'#billonaria # suspense #betray #romance #adventure #tragady #love #heartbroken',	'A billionaire who lives a very happy life with his family.\n\nHe was a kind, elegant and helpful person. He helped everyone, whether he knew them or not.\n\nBut once his help turned out to be too sad for him.\n\nAs a result, he lost all his achievements, his wealth and everything.\n\nAt the loss of wealth, everyone turned away from him, every friend, every relative and every acquaintance betrayed him.\n\n Leave him alone to face all circumstances.\n\nEven his wife left him.\n\n\nAnd these ongoing tragic events showed him the reality of the world.',	'image_picker7826775735107767740.jpg',	0,	0,	0,	82,	'2022-09-23',	'active',	'published'),
(81,	'HER BOLDNESS ',	'11',	'false',	'true',	'All Rights Reserved',	'#romance #heartbroken #suspence',	'A girl, whose beauty was related as the moon in the stars. Nobody last head her beauty.\n\nLots of people\'s were absurd about her, but she never reminisce anybody. She despises them all before her. As she was ruthless in her beauty.\n\nShe was sure that no one can impress her, her beauty made her think like that and it\'s also realistically authentic.\n\nBut one man swiftly swap all of her opinion. She severely fall in love with him. But the man wasn\'t engrossed and scorn her.\n\nThe girl\'s heart bang with the actuality that, despite all her beauty, the man didn\'t like her, and refused her love.\n\nWhat will the girl do???\n\nWill she fight for her love or spurn him? \n\n---------------------------------\n\nA man, fed up with the world. He live solitary and lives as inclination of his aspiration.\n\nHe was living gleefully when someone decimate his integral life. He fling his best to get unload of it but he can\'t.\n\nHe was strained, and can\'t discern what to do.\n\nFinally he disclosed the quick fix which was absolutely uncertain for him... But he can\'t do anything else except that...',	'image_picker4301211354012660920.jpg',	0,	0,	0,	82,	'2022-09-23',	'active',	'published'),
(82,	'The Dark Moon ',	'9',	'false',	'true',	'All Rights Reserved',	'#girl #boy #murder #thriller #suspense #love #romance',	'\"Only she knows the secret that what happened to her.\"\n\nNehal is a girl who was pretty among all her sisters. She was soft hearted and kind with everyone. She had a generous heart. But life is not a fairytale, an incident in her life changed her personality.\n\nWhat was that incident?\n--------------------------------\nA boy who was a brilliant guy. His life was simple and happy. He was naive and merciful. He lived with his parents and siblings. There are alot of things that happened to him.\n\nWhat happened to him ?\n-------------------------------\nAnother boy, who is moody and has an aggressive personality. He lived alone in his house. He wanted no one to love him as loving him was impossible, everyone hated him. But one girl loved him so much but she didn\'t confess her love.\n\nWill she able to confess her love ? How will he react after this ?\n\nA story of love, murder, suspense and thriller.',	'image_picker5427777050194120876.png',	0,	0,	0,	83,	'2022-10-03',	'active',	'published');

DROP TABLE IF EXISTS `book_genre`;
CREATE TABLE `book_genre` (
  `genre_id` int(255) NOT NULL AUTO_INCREMENT,
  `genre_name` varchar(2000) NOT NULL,
  `image` varchar(599) DEFAULT NULL,
  `timestamp` datetime NOT NULL DEFAULT CURRENT_TIMESTAMP,
  PRIMARY KEY (`genre_id`)
) ENGINE=MyISAM DEFAULT CHARSET=utf8;

INSERT INTO `book_genre` (`genre_id`, `genre_name`, `image`, `timestamp`) VALUES
(1,	'Adventure',	NULL,	'2021-09-15 14:02:21'),
(2,	'Editor\'s Pick',	NULL,	'2021-09-15 14:02:21'),
(6,	'Fanfic',	NULL,	'2021-09-18 18:06:33'),
(5,	'Historical Fiction',	NULL,	'2021-09-18 18:06:33'),
(7,	'Horror',	NULL,	'2021-09-18 18:07:07'),
(8,	'Mystery',	NULL,	'2021-09-18 18:07:07'),
(9,	'Thriller',	NULL,	'2021-09-18 18:07:35'),
(10,	'New Adult',	NULL,	'2021-09-20 18:04:52'),
(11,	'Romance',	NULL,	'2021-09-20 18:04:52'),
(12,	'Science Fiction',	NULL,	'2021-09-20 18:04:52'),
(13,	'Teen Fiction',	NULL,	'2021-09-20 18:04:52'),
(14,	'Werewolf',	NULL,	'2021-09-20 18:04:52'),
(15,	'Fantasy',	NULL,	'2021-09-20 18:04:52'),
(16,	'Urban Legend',	NULL,	'2021-09-20 18:04:52'),
(17,	'Crime/Detective',	NULL,	'2021-09-20 18:04:52'),
(18,	'Drama',	NULL,	'2021-09-20 18:04:52'),
(19,	'Short Story',	NULL,	'2021-09-20 18:04:52'),
(20,	'Poetry',	NULL,	'2021-09-20 18:04:52'),
(21,	'Paranormal',	NULL,	'2021-09-20 18:04:52'),
(23,	'Literature',	NULL,	'2021-09-20 18:08:39'),
(24,	'Billionaire',	NULL,	'2021-09-20 18:08:39');

SET NAMES utf8mb4;

DROP TABLE IF EXISTS `change_password`;
CREATE TABLE `change_password` (
  `id_change_password` int(11) NOT NULL AUTO_INCREMENT,
  `user_id` int(11) NOT NULL,
  `code` varchar(200) NOT NULL,
  `status` varchar(1000) NOT NULL DEFAULT 'notused',
  `timestamp` timestamp NOT NULL DEFAULT CURRENT_TIMESTAMP ON UPDATE CURRENT_TIMESTAMP,
  PRIMARY KEY (`id_change_password`)
) ENGINE=InnoDB DEFAULT CHARSET=utf8mb4;

INSERT INTO `change_password` (`id_change_password`, `user_id`, `code`, `status`, `timestamp`) VALUES
(39,	34,	'PYuhVolk',	'notused',	'2021-10-07 09:35:48'),
(40,	35,	'RbySqYBV',	'notused',	'2021-10-15 14:36:21'),
(41,	34,	'THcpVifC',	'notused',	'2021-10-30 10:59:08'),
(42,	34,	'lYezdioD',	'notused',	'2021-11-09 07:34:00'),
(43,	36,	'zmeIpWCH',	'notused',	'2021-11-20 11:40:15');

DROP TABLE IF EXISTS `chapter`;
CREATE TABLE `chapter` (
  `chapter_id` int(255) NOT NULL AUTO_INCREMENT,
  `user_id` int(11) NOT NULL,
  `title` varchar(255) NOT NULL,
  `description` varchar(3000) NOT NULL,
  `word_count` int(100) DEFAULT NULL,
  `book_id` int(255) NOT NULL,
  `vote` int(255) NOT NULL DEFAULT '0',
  `credit` int(255) NOT NULL DEFAULT '0',
  `timestamp` datetime NOT NULL DEFAULT CURRENT_TIMESTAMP,
  `publish_status` varchar(100) NOT NULL DEFAULT 'unpublished',
  PRIMARY KEY (`chapter_id`)
) ENGINE=InnoDB DEFAULT CHARSET=utf8;

INSERT INTO `chapter` (`chapter_id`, `user_id`, `title`, `description`, `word_count`, `book_id`, `vote`, `credit`, `timestamp`, `publish_status`) VALUES
(56,	37,	'01. Alarm Clock',	'code_cacheTlYY9mkQ3mRArGVNmaqZuB2Sko4Zk3fKJbAoVzDctLOmD5OWUYdXq4l7ekZ64NHEDubh0IbbPexHzxefjpNL5jxiu3KZ6wsul6UW.json',	NULL,	58,	0,	0,	'2021-11-05 05:40:12',	'published'),
(57,	37,	'02. Love Sick',	'code_cacheV84r9QiBfPRRccSnmTJWBjvA80OlrGbJ1HPwRXUPuaBMWQyUXqrV0ppFMmCYZ7nLHbcf9BlJF8RuZFwuP8IBXd60AujwWdLlq0Ai.json',	NULL,	58,	0,	0,	'2021-11-05 05:41:11',	'published'),
(58,	37,	'03. Decision',	'code_cachevZMwEXTfh1CDkt9xkEFwzY1ktvMgoM21FhTji10ESUIeZeVWDl1AB8qCr8polOOhGJT9NWO1ijwDKj8iP8vvTz0mnoUmqb98V8Y9.json',	NULL,	58,	0,	0,	'2021-11-05 05:42:18',	'published'),
(64,	37,	'01. Hope',	'code_cache0bay8p4ww8vbaQDN6xn7ZLLYLLxrj8EkggqcgF0OOLjb9658nH02iuR6a4gg1Nr9jkIdzzsyIUlt8uZwd2E9qyXvZB6GisA3sPDR.json',	NULL,	59,	0,	0,	'2021-11-12 12:21:55',	'published'),
(65,	37,	'02. Mate',	'code_cachesMlkJi4JqCFBvugtjea0Gf7w1nElCVuQfOYhYnyc6P9e6ITFfM7LnwDbViyX3FJZJ5kthemPsYJQIeGuEkcQfHfmciwRtQ2cUnvO.json',	NULL,	59,	0,	0,	'2021-11-12 12:22:54',	'published'),
(66,	37,	'03. A Promise',	'code_cacheDlSsUrFmONvIw8WYjxynw32zdhlgij7EQcsTm4ft2rNzSIJ7NqoAuDtUZwIsMZZqV3Z4NmrutAzgu4amfOhI4QDKLJyjFRzjpROy.json',	NULL,	59,	0,	0,	'2021-11-12 12:24:01',	'published'),
(67,	37,	'04. Alpha\'s Mate',	'code_cachegfeOHchRMKxq1NOPEYkLzXcKxV3jnHJkykbmYXhrQQ5fUsuW5gyiLVV0wCiiLtFmrN6BS86dXcJqajBeNlEWMAFGEQIB1BWGIeKd.json',	NULL,	59,	0,	0,	'2021-11-12 12:24:45',	'published'),
(82,	57,	'Heartbreak',	'code_cacheSfGSipnS6xaAaxpr6TyCawthKtpUkXpqJPuEIbMZYijXdc4LwpVmMxkjxDA3bGaL86Q8R4VCtwrgUNek5n9mkL8Nnl9zdqaE8yoR.json',	NULL,	67,	0,	0,	'2022-01-30 01:37:29',	'unpublished'),
(83,	57,	'Trying To Heal',	'code_cacheR8xvOeSDZLYStCoqnB75HppTEmkpy4RUEOM394iqIsSDdLFKGuNGfJPhm0SYVGZO8wJDqb3aVX0NsjHvmNUFVYHB8Xn6I16663yw.json',	NULL,	67,	0,	0,	'2022-01-30 01:38:11',	'unpublished'),
(84,	57,	'I Kissed The Bad Boy',	'code_cacheAIfxwRqF5vU9UzSe54e8TXUEhZ0GtOJuNRN5ucGUncuwu85jOWXD05m5kASLdKPZpxjW74wA36kbcWZofGQoGKSkFzE7HRrbogZ8.json',	NULL,	67,	0,	0,	'2022-01-30 01:38:52',	'unpublished'),
(85,	57,	'The Deal',	'code_cachebMpznLiezNlbXZiQHmJEyql2Nw17hkV7YxQDqoySq1X0l9KyrgnS1fZFX8XUsu6Nn5PE7DM5mWZIyY3BgoEjQAcyd5YkdOiRhwaP.json',	NULL,	67,	0,	0,	'2022-01-30 01:39:29',	'unpublished'),
(86,	60,	'●AUTHOR\'S NOTE●',	'code_cachepSeZ0315SUbXXXzoZGXeeHjsH8UQwiJEDabpfVV0hjXfD5I1XfZSZ8iUe5JyE0ZmwE4mRqqH0tXrbLHyEfITo3NJaym7UyBZfJck.json',	NULL,	68,	0,	0,	'2022-01-30 14:40:46',	'published'),
(88,	60,	'● SYNOPSIS ●',	'code_cacheXMCMojnPliZ9arvGpPZGiP02Ka1Cto8KfJcWSPPKl2CP9axlXHjKWAtgmnjOVq3X77kSAWNpnjG6ceG8KYm2GxDueYoYiFf4ttu7.json',	NULL,	68,	0,	0,	'2022-01-30 14:50:22',	'published'),
(90,	60,	'●CHAPTER ~~ 1●',	'code_cacheUGGXAWYcXrTQo138YpzTNJE7pAf9kXiujqi4KDH1oyXVHbC5i1LuehPtqahwOgQbQI7TMN0I0Bnx6mP4zEF98wBxPlej5L347659.json',	NULL,	68,	0,	0,	'2022-01-30 15:00:11',	'published'),
(91,	57,	'The Monster Living With Me',	'code_cacheHE2OPLOF3GrGbBY1fHRslySHWsdmerQDgXE1QgCMHga2Mf6uAfSLdTHCJScILIy6tIE5HzPwd5fuPUA1lCScIpiAekzS8zLjTPaF.json',	NULL,	66,	0,	0,	'2022-01-30 15:46:24',	'published'),
(92,	57,	'First Day Of School',	'code_cachezwdg0pAOq7xFDHOVgYkeo2dLSolBXolT9dJSPLXdgfYN6aRDeyGJJb2vsopi0IcpAmfJM1N8CIT8kxrniiHRsDK99tBqZ689f3ZX.json',	NULL,	66,	0,	0,	'2022-01-30 15:48:06',	'unpublished'),
(93,	57,	'Detention',	'code_cacheJYbu1dmH41cLxbDBXTTzQ9XodbMRxFobPCQW5ZFpYXevZuK70C4KrcC5zZwSlbs2BICh1k8SzObbGCGiJ8fOxUw2CguidN6g8wT3.json',	NULL,	66,	0,	0,	'2022-01-30 15:49:29',	'unpublished'),
(94,	57,	'Dodgeball',	'code_cachebcZmeN66SLxA1zrVIiRtswAG8SMhmy0UeR1aiovwjjxnhZU5KoNUURIXyElIV1k5Y60W0AJlwofJyTRfWvIglwD64vGM7ifHvC7K.json',	NULL,	66,	0,	0,	'2022-01-30 15:50:46',	'unpublished'),
(97,	60,	'●CHAPTER ~~ 2●',	'code_cache0DYET3qSCJ2WkzxPU9cj3Mb9Kn0aLxrN9Kt8IoFzzzhdlFIX5QjbSpyyRK4GQllluYNYSvoZcn7mKZN7S3CDc1Ge4LXuPvoNIMXs.json',	NULL,	68,	0,	0,	'2022-01-31 05:58:55',	'published'),
(98,	61,	'',	'code_cacheChjC3m6dG4rZDKYqIUxhpCSopYLd3nGGBiWGEgxNoKwoYI80v0ZTnLY7bWfAeF2If49vW8N1c7hwhHNGLTF3bY9uh4LTRVeYQgEd.json',	NULL,	70,	0,	0,	'2022-02-05 12:12:11',	'published'),
(99,	61,	'2. The end is just another beginning.....',	'code_cachelvnyrUEaFTRySyU5RlKJVR92V8V3NORyGlpnfT1uiAh4VFOylVzlbWs56s7Cddrm6xgZgYWsNhOx5MrfwAW3BW9vN6rCxxYq7IGq.json',	NULL,	70,	0,	0,	'2022-02-09 08:52:30',	'unpublished'),
(120,	37,	'01. Arrival ',	'code_cacheRr6XaRdeWxoKevfPQJabiW6BPyW1qMdKUVlyO9gobibdA7r5rlu6F1YtOniNRQcAccrI9CEGbL1ZXdbWPJMC7AouN3xvPWUfhyOU.json',	NULL,	74,	0,	0,	'2022-07-11 10:01:29',	'published'),
(121,	37,	'02. Salvatore ',	'code_cacheAhaxCTsvBcKuGyj8uN8AR7TOsG1SNKlAtBmlLP5WEokdgg1T3QNQEl7OnX2bPu1iO6x17ehufnn6LGP1blgFbQlI17expSaJO16D.json',	NULL,	74,	0,	0,	'2022-07-11 10:02:12',	'published'),
(122,	37,	'03. Wrong place',	'code_cacheWg6rTr6dWJ3ZnJKGfliXcNYWWP1cMW45njhYDzq7pjYjCETxRJRWTH6TIedDRDuHwqXLuxUN6McPDRooy364eiryTzqTHg1HuRF1.json',	NULL,	74,	0,	0,	'2022-07-11 10:02:48',	'published'),
(123,	37,	'04. Meeting The Devil ',	'code_cachetJex57drOHAOTxDu9EJEdA1zP9ZPsORt99aEdPPKe6rNbZleK9sfEcuJo15w7wY8fugzuH3ShqaMgpl8OW1i8AFwXjPsJLYPO5gQ.json',	NULL,	74,	0,	0,	'2022-07-11 10:03:25',	'published'),
(124,	37,	'05. New Roommate ',	'code_cache7qDOWxigvyD5nUkqM7POznuFSfrT787HYUc6C9BnMOAPPL0AvZYM32FYZppoeDqbB7uozLHtX8avT8ZvazVPZj6EiQPO3EOh3cAB.json',	NULL,	74,	0,	0,	'2022-08-09 09:34:01',	'published'),
(125,	37,	'06. Give And Take ',	'code_cacheR5dTiH4nzpt2AJ1Wp60nqM9OolbzxAnQ6VXxjivjlKGJJTxI3rTsypJ3UqH3WG1VCDSWipa4pnCMUMTrN7wI8TBH2Mhu7x9MC1T2.json',	NULL,	74,	0,	0,	'2022-08-09 10:10:31',	'published'),
(126,	57,	'What Have I Done?',	'code_cacheLaUVqPaXcEFZ5uKqIcVQamYatfSHGBInxLNWjv829c3dE8VCGouMzZvIICLavIvolr1mMheticCynJyIWCqHTBCuP8oCsEt95PR3.json',	NULL,	66,	0,	0,	'2022-08-10 15:30:32',	'unpublished'),
(127,	57,	'\"Please Don\'t Leave Me\"',	'code_cacherQodHvKEykiGCMmh3UyVqtFyiKTGp5PD8AvoHTcL0rY1dtaOYF3547DD6FyVLtUySnwNQf5FtRXRemxtYA3D7IIl8icE5XpMTPr7.json',	NULL,	66,	0,	0,	'2022-08-10 15:31:44',	'unpublished'),
(128,	57,	'Money Trouble',	'code_cache6UyubqyyFghuuKGOdFMIRMWaIzRtRM3hYyilfcwwjET1ialmrFoLW9mGuOOOREy7GcVMuCtVEiAZjvGZ4vaZmfhzOTEucczooz6V.json',	NULL,	66,	0,	0,	'2022-08-10 15:32:35',	'unpublished'),
(129,	57,	'The Ongoing Nightmare',	'code_cachevCQQNNovQfGPbrp883oBygOW4h1PfspHltybaGMAspnk3FNn9M88R1ZUW4ZOQXXzHWgUVt1u4s2FtsGl7gBjm2Yik3AYGPaWwCT8.json',	NULL,	66,	0,	0,	'2022-08-10 15:33:30',	'unpublished'),
(130,	57,	'Exposed Truths And Accusations',	'code_cache9Isq0zAySwXemxi6ABaZsaOlX9dyfkkUQp5lbXAPyK62uY6iQJjiEQKwfkVJTTLb5l7HjGQwTFUaX14WMO3DOJqamhLttFuBS2FU.json',	NULL,	66,	0,	0,	'2022-08-10 15:34:19',	'unpublished'),
(131,	57,	'Revenge Is Best Served Cold',	'code_cache48kZmD1T7h7wNucXDLPHlDtoLy7e6ilDydwlle223OKyNjuBn7a7rV2O7Pxb0RcFzBWFiF4kLYJs6rVp0jFZVFd702bRILiY95Sc.json',	NULL,	66,	0,	0,	'2022-08-10 15:35:07',	'unpublished'),
(132,	57,	'Let The Games Begin!',	'code_cache2xz3TYye84ExMPlSwh1b6ITViQ9ZOHTsJTfWS2IY92UseaIOVpgrQXoCh38mwYXKiC60O6MeHcnYsAV8OYsa2C7XWtUI672DOGNQ.json',	NULL,	67,	0,	0,	'2022-08-10 15:36:05',	'unpublished'),
(133,	57,	'Sealed With A Kiss',	'code_cachemZgqYqACa8s0NMhKTIPw5OCfoE4V1Ba5i6LMI4sUhsG8F0i5KFREzoPJTwyHTmHMtCHztM9vkR9M6nqTMWvp9wVpGcOTKw4yMAzP.json',	NULL,	67,	0,	0,	'2022-08-10 15:36:53',	'unpublished'),
(134,	57,	'Meeting The Mom',	'code_cacheQrv4bgIWimxdD3rCOOA4knMrGR6Snc7HUJYnHKsaMKkBgY71hxXW9DEOvqEx1oTqAFKOUF2DMvDtuDKCB539ClqD7gsgecjOSjUP.json',	NULL,	67,	0,	0,	'2022-08-10 15:37:41',	'unpublished'),
(135,	57,	'Baby Pictures And Bruised Ego',	'code_cacheltW4ZpZYJp6YUoZnfQo89V2vhIE25HEKaFHJdv64pQxyuD28cyd60bxPMUkwRC9pNnZczN80KdXiULnhhzf16VrmxSFT8HNnhRAo.json',	NULL,	67,	0,	0,	'2022-08-10 15:38:41',	'unpublished'),
(136,	57,	'Expecting Forgiveness',	'code_cachexSWaJgdPPP082pI85BJtWso323piMzfsquG3h4Vaj4bBSJ7LEteg3YqyNGFltzzM5exu5mWj67fwYtrU4olGU9kf9fnT266wn8hN.json',	NULL,	67,	0,	0,	'2022-08-10 15:39:28',	'unpublished'),
(137,	57,	'Clearing Misconception',	'code_cachelmNnZb0UzLMLG4W0VluXFW2zTQvIw98sXH5nogqkrdC3Z9hqxoNt6kcPoYiYCjCdN7Mz29PsMYcXWXVJlQdVVi0xGMUJ6wmRg9Uf.json',	NULL,	67,	0,	0,	'2022-08-10 15:40:27',	'unpublished'),
(138,	57,	'The Bad Boy\'s Secret',	'code_cache4C4ltRMqA3WHaObH58qVkmNtLMd57N62QOapHVocNGINZChUG9d76VbwJgC6al9hWWiz2Cg9wuITRWxi3lDAEq0jwwGUyJJkbn6r.json',	NULL,	66,	0,	0,	'2022-08-11 15:37:56',	'unpublished'),
(139,	57,	'Teacher Say What?',	'code_cacheygCyptLrGEcA7bdsa7DTZFgwpUMwlX0zldBadDdXB3Sra6TUzEI0s6CxKclSykU1FfxxQcbFFxeg0icOn9UzZo6my75HqComw4O9.json',	NULL,	66,	0,	0,	'2022-08-11 15:39:02',	'unpublished'),
(140,	57,	'Tutor Session',	'code_cacheuk95YPU4seiuRpzPvwgZnI7yDh8Oj5DwOp9w51HwcmROWhDf85fqkdyqemxNSehGxmhIKixQu0UsbXO8ks12YakBkzwLdbJOrzBQ.json',	NULL,	66,	0,	0,	'2022-08-11 15:39:55',	'unpublished'),
(141,	57,	'Running Into Old Rivalries',	'code_cache2VocUFK6u0AJaR7sOrqoz6IkOS3eQuvLIwJzfH3dpYlr0ffmcE6J4Tu2YAxeh2WtoDKu7LvXAW0on73iQ71BMuiluHQre9xuvdvN.json',	NULL,	66,	0,	0,	'2022-08-11 15:40:54',	'unpublished'),
(142,	57,	'I Would Have More Luck Finding Nemo Than Mr. Right',	'code_cache5heH9klZ0PAFP4mFiHT9u4bfC3E43jfpqWUch6P2dZ7ACQtHFxtoG1Wq5NSCziZDcxpUfLZIbawad9Yp6F9ljvnp10XdCrFusLB5.json',	NULL,	66,	0,	0,	'2022-08-11 15:42:34',	'unpublished'),
(143,	57,	'Outing Hidden Secrets',	'code_cacheL2U6i4zSkozPcSNtnf3DSGPtHsHe5JGqjcRq9NcNFoR9rnfU7utSgInxDzcTt1nnyEvsCriVAYHbY2a7DrMLNSSQxeS6MPQjNuZO.json',	NULL,	67,	0,	0,	'2022-08-11 15:43:45',	'unpublished'),
(144,	57,	'Locked Out',	'code_cachecefGYRHhZ27LN2v9PZ37ItT14PmeXNqaTS8mymhDCucKqUFngcQF1JwPY02nuecbz1egwEDXmxnWAYWV0a2camVtoMUS0IHqlAeL.json',	NULL,	67,	0,	0,	'2022-08-11 15:45:13',	'unpublished'),
(145,	57,	'An Evening With The Player',	'code_cache3Uxi0e5KJjGIs26OC4DxgM96ipbRt7NB4nPstXDCjFMUoHjcwcXUQckQ5IwhpFIrrTmqQt3W2HN6rudz9ZjnZJQZikdppiyD75LG.json',	NULL,	67,	0,	0,	'2022-08-11 15:46:20',	'unpublished'),
(146,	57,	'Chance Encounter',	'code_cacheG6isH2FUdaoZPc7BOX4uJGV2WKFsiTPyX6GCzDgadXnG1DM8NxldETuoiGFhJPV7NRT55YZJzJJOHvgAY9oDpuRsZrl2QamVBVkh.json',	NULL,	67,	0,	0,	'2022-08-11 15:47:12',	'unpublished'),
(147,	57,	'\"I Want You Back\"',	'code_cacheypx8rBmC7uWFfcQaGH74fJX7gp66n3iHbM2SPKcyTdOAorDsa02IDVm89oIWaYbo7MoLX34BKNXNlriSmLSK9V9XHXWioOWdpP89.json',	NULL,	67,	0,	0,	'2022-08-11 15:48:18',	'unpublished'),
(148,	37,	'07. Money ',	'code_cache17Xj67edS26bjkmgOz4Gwo0CEIXhGEYf5BFQWlacrFOwuI0ViMzC6Kd0kPFKcdPg3yX14QWb8LuZHVSEwoA78YvjdSpUiVmlL38A.json',	NULL,	74,	0,	0,	'2022-08-12 14:28:31',	'published'),
(149,	57,	'Drunken Monster Called Me What?',	'code_cache4R6bRI9ugOZ9V90ke9HHUBrQczXJYDBaXux2gdrvDElthOv3IAJRGLXiPcGoFyLwCHVIJynRLNScvIycpGmjYphVOz1HN9MP5BRu.json',	NULL,	66,	0,	0,	'2022-08-12 16:17:23',	'unpublished'),
(150,	57,	'A Second Slip Up',	'code_cachefCo2N12BCiDWeepfHOlnS0n3sjhapEDn9HbyqrpAOEmdD637j2HQo0tZRXkFrHVybjr12jJi5dHFAJjIiK9L2DNeIHS6EpIap6OD.json',	NULL,	66,	0,	0,	'2022-08-12 16:18:32',	'unpublished'),
(151,	57,	'The Bad Boy Opened Up To Me',	'code_cacheqSgT3NqLOI2bmCpN0Z8z0FXBzcUz8q6Hbcp9DiwURy4lLkSJH5K0r8l1VEUOulzVtHIspsBdF0Jb7gMfOF5LJxvXlpO4o82sKyUf.json',	NULL,	66,	0,	0,	'2022-08-12 16:19:39',	'unpublished'),
(152,	57,	'Concert And Love Interest',	'code_cacheBqZ6dPbnSCDPZvzd5PSoava876pObij2h5f2eB6nn5D4zBvgRnw7eROGgFrQTJqaTNTA5FpKNCxl39LQRDnQelprflMVvvcay35o.json',	NULL,	66,	0,	0,	'2022-08-12 16:20:35',	'unpublished'),
(153,	57,	'Losing Himself',	'code_cacheBbLlM77tResOXV0ce2z0h85oF7KR5GagLgT8niGr2d9RQuooHkvNyPoET8GvARmP5Qk3l8l2pFni9ALi9gPsCKMF3Ckg02LC1HKc.json',	NULL,	66,	0,	0,	'2022-08-12 16:21:33',	'unpublished'),
(154,	57,	'Cancelling The Deal',	'code_cachelFCiDRAfqbFxdTd7qkJRKm5a1r8KGCV9JnOrnjpmRI7Wcp7l6TrokVcZfimrifGCA1LhdiLF06vAZXk94Z6uCBC0bgy5IhmpdOUE.json',	NULL,	67,	0,	0,	'2022-08-12 16:23:28',	'unpublished'),
(155,	57,	'Truce?',	'code_cache2rIYSxCMIjYuTWVs0vaEVxlr8aWTelWQIJLJsFOgXoK29Mo4SUP0aBfKz3OZCvgF8VEyeiTTwvPqmjAmTExzPe0P09otIqSDHTdf.json',	NULL,	67,	0,	0,	'2022-08-12 16:25:01',	'unpublished'),
(156,	57,	'The Family Dinner',	'code_cachemFS4M8eUlvzpbS6dIvmqQLgyU9iYiPct8v7CwuTolROx69X0urLwX9AlwkotjGBm2xMrsrs6hjvsdLnXWVqprM2cIdsXz8RfgHUt.json',	NULL,	67,	0,	0,	'2022-08-12 16:26:33',	'unpublished'),
(157,	57,	'The Truth Is Revealed',	'code_cacheeS25ANCiqfmltPADuSw3udiJABdZB0UMpacBPBWehvBCGQm2lJf12ZyoMAX5MDpYcaQD9wHyjSpce97Hw8qKjTgE4GtNsTAJIFrF.json',	NULL,	67,	0,	0,	'2022-08-12 16:27:33',	'unpublished'),
(158,	57,	'The Halloween Party',	'code_cacheg3uszoZXzLPZ83BmYLf2c1foxf5xSRUe7w6QDe0sWcTFMXJUExlAP7vDUWyfAO7VChp74SULeshyNoldnaHnMnllckNqNYDu8GGm.json',	NULL,	67,	0,	0,	'2022-08-12 16:28:34',	'unpublished'),
(159,	57,	'A Day At The Fair',	'code_cacheXLTrgn24oXslOiTbElr2AQ8CtFe5rgazldUnaggcfiihVnSSUjtDjaMOMlMO6RBZNEwRADIaKCk7DEXM4HfPMHfpwZ16OBQHSpTG.json',	NULL,	66,	0,	0,	'2022-08-13 15:41:14',	'unpublished'),
(160,	57,	'A Raving Caveman',	'code_cacheEWpqLPsr1WZhmDnxRGV62dvanpXpexhWjZcVtqFvArQ5wwH9D2mO4mkecNHEJDFWnaWeiScdK5fHbxrAuFaCHRIsABIJDFSTNQYF.json',	NULL,	66,	0,	0,	'2022-08-13 15:42:18',	'unpublished'),
(161,	57,	'Party! Party! Party!',	'code_cache0WtSHT4YghRu0Ij7mstwMGAQuCqSsFdnNwnYGF5I6ouV3ATyrDmM1BFjTXGpHgGerlJczMNFdYJeTdwjC1x70XamGVJCcVVkgQoC.json',	NULL,	66,	0,	0,	'2022-08-13 15:43:32',	'unpublished'),
(162,	57,	'My Secret Is Out',	'code_cachesKzz0MiSXMtoBfTnsOUV2ReXZGrlasqA4YleovpX0YEyZKrLwwUYIVgBleSfB8Y9dXcRt6FBaIgJRLGDVwIfAHbbPITZH0qdFv7y.json',	NULL,	66,	0,	0,	'2022-08-13 15:44:23',	'unpublished'),
(163,	57,	'\"Let Me Help You\"',	'code_cachetk9gE84RmYM552gF8o7KTFz0OSXlBjdb1ERwEVMZHenAem3wmATbAek1duzB8dr9UQvhRc65WbppFWcdQKxB6vLfdKqzejE4ygwC.json',	NULL,	66,	0,	0,	'2022-08-13 15:45:11',	'unpublished'),
(164,	57,	'Playing Video Games',	'code_cacheCXCRB75VhsJ6adooyhmtDQy5R0SaWF24NndHfGLJuoUADbQnRxHqK0iG82UTvK5Y2BNZApup1g3tIf91Dzh3oq2F7Zk2zwpFpfiN.json',	NULL,	67,	0,	0,	'2022-08-13 15:47:21',	'unpublished'),
(165,	57,	'Addiction',	'code_cacheiYJKWmt7jKRjz3wyWj47oNbV5pStftgeoRtbGNAu5jQLSxrG5C73l14z2md7Ay4zBeUGvUjuR4rq1vrxVF2H2DjGm7wH92pIArjA.json',	NULL,	67,	0,	0,	'2022-08-13 15:48:07',	'unpublished'),
(166,	57,	'A Reason To Believe',	'code_cacheaWGJ5c2qoexkD2ES5BGPXGdYrsV1wAUrE0dHM16rrZzFqqOLsWK3jsAQMli27ArofZClWnfUtf9I4NLZJVgSj6HSDLW3XhCEIL9d.json',	NULL,	67,	0,	0,	'2022-08-13 15:48:57',	'unpublished'),
(167,	57,	'Morons And Pranks',	'code_cachebTDNbWVLhi8BkYCRbCGKvGqh2X0MPmc50x0nAtlmuF2CSh3bjJ0Fh07uQPVtzuxBVMqdpo5IiYMCnuO46lJIR70RNa6li1WQYnRI.json',	NULL,	67,	0,	0,	'2022-08-13 15:49:47',	'unpublished'),
(168,	57,	'Meeting The Dad',	'code_cachenztJF9Tc2fAcwD2wlBZdMrcSZdqV2OWstprJZi1KmHAE5sY1MaPCXBdqcrPxZSAw0pCKNQ5p53X6b26jqMNuO89LMzFp86ByJp0r.json',	NULL,	67,	0,	0,	'2022-08-13 15:51:16',	'unpublished'),
(169,	57,	'Confession',	'code_cacheSWOMMBk68HleZDGJT5ArJ9HaF2F42WpIJY6AiBUZjeWvouUgAIdthQjGYLTEAUmEkkUyZTHSXuDEfbpmiDaoHycbWhpD2c3JCPZD.json',	NULL,	66,	0,	0,	'2022-08-14 15:11:21',	'unpublished'),
(170,	57,	'Always Prepare For The Unexpected',	'code_cachebsreTV4gJm79x6IoRUYQNY7YOiE3dtm9TLWKVjk6zsXlpORd82mg07TkA5YN1L4AXr69r8pa22vQlgpaMDE92c9ke6d8SyrqcD1L.json',	NULL,	66,	0,	0,	'2022-08-14 15:12:16',	'unpublished'),
(171,	57,	'The Fighting Match',	'code_cacheZyTTA6BRmceEE3a4tSJWi4Nxx0yBaJaEf6NEGEPiX2rlxrHXrezs96vJYnb2OnrYOKqpLjsZ4gNZ4vUt9n9v4BfeX5rJqtMZg0SF.json',	NULL,	66,	0,	0,	'2022-08-14 15:13:08',	'unpublished'),
(172,	57,	'He Is Now Mine',	'code_cache63aFXqTarMmLIj0G8xuJ2Dl2a9HDDCpK4qfzG0KAtKLQibP4o6hQbrtKK2OedMU30MBL7TraJ4eQINNELMVY9hnr4iYAevNQHUiZ.json',	NULL,	66,	0,	0,	'2022-08-14 15:14:03',	'unpublished'),
(173,	57,	'Oh Hell No',	'code_cacheugnoJWw2X9bIQoJnMYZhiC538ZuGSdlZSnuHpAoDSMcLPevLExVAIaXFJJ49soTI3bnerkwCryWP4P4s385UcybsbHps4xrQYIBc.json',	NULL,	66,	0,	0,	'2022-08-14 15:14:47',	'unpublished'),
(174,	57,	'The Truth Behind The Player',	'code_cacheeWuHGuStkh5yRCzIuH3a88n4XPCkHWHi11mBtBTrE7wF64mwnmXs6Mv5sPQEe59TusES43viOoROIfu55CxpRpKEHkgyfmfkPSAp.json',	NULL,	67,	0,	0,	'2022-08-14 15:15:53',	'unpublished'),
(175,	57,	'Unexpected And Unwanted Feelings',	'code_cacheh3S1PMUebUeZBeQcrbxmnwz8rV83jQGPscNY5kkEDEfOxJaArbldZZCCFrMkwLscycUESJg71MDuUk74NCAY6F16AH31ISNRfMOo.json',	NULL,	67,	0,	0,	'2022-08-14 15:16:51',	'unpublished'),
(176,	57,	'Roller Skating',	'code_cache3qdfdajmTB1IWsdR8wFBRmLgsA6tSDjgC8kTzfHg4wOXF9OoUpdvXRsFB9wINstJZdRrlWcUl5UgR8CBCcsHl3EnNEt4XuRvz0Pt.json',	NULL,	67,	0,	0,	'2022-08-14 15:17:54',	'unpublished'),
(177,	57,	'Confusing Thoughts',	'code_cachegpGIOStYxB0Vx0TsBcsOTrTtdXmq5jrkFu0kMJuTb4QCxtX9zqB9ZVXlmS9YwPkSGH8i14k1sPy31zBng9poG9WLSZ3UalpP3zhZ.json',	NULL,	67,	0,	0,	'2022-08-14 15:19:06',	'unpublished'),
(178,	57,	'Not Hurting Anymore',	'code_cacheCNBJmsYeoiGNAxbnAGK4itSOG3luySDiGOjKTmXEM0yoaIKcii32RLKIHvdDUGnhlhXCdeVAZw5IkB2FQapZu3YyUmwBN0yMJC2T.json',	NULL,	67,	0,	0,	'2022-08-14 15:20:41',	'unpublished'),
(179,	57,	'A Meeting To Never Forget',	'code_cacheZdhucaC2coNZy4Y4p8A6e8izHhBTjh2QO1I1VRUUHroUOc4jkjmoa94uUxYtP78WIIo00VMr3SSOIfv0PNOthHC8XeyMgvtp4rpX.json',	NULL,	66,	0,	0,	'2022-08-15 16:32:56',	'unpublished'),
(180,	57,	'A Chance To Have Fun',	'code_cache112kBkcCWwXIsXbxcZ2oll0FeqqK1E8QdoL3zRyblXY0ID0IUSYtpcN7fYf7AhScD8j7yOFINQTIVCx027nrSBxsQPkGZZNrphXn.json',	NULL,	66,	0,	0,	'2022-08-15 16:33:43',	'unpublished'),
(181,	57,	'Just When I Thought Things Couldn\'t Get Any Worse',	'code_cacheun04HrFICeXe3AxgacDzch8clj42YaCiDUqbEAHT04IWsObHV5opwhRcBnrPPbwAP3JTj1OkteAOwsEc1mBjVwYv7ZtuNmIscnLH.json',	NULL,	66,	0,	0,	'2022-08-15 16:35:26',	'unpublished'),
(182,	57,	'Haunting Nightmares',	'code_cacheQ8Ra2nPPEd9diCgVC8EuSsIgpjoPyEdndGQoZrbqLg51A8WTJPi00WjfOzf37ve3KkHASs4brbW8K6IPmRJgOoLgFpUrtl8pRC2Z.json',	NULL,	66,	0,	0,	'2022-08-15 16:36:22',	'unpublished'),
(183,	57,	'Expressing Feelings',	'code_cache9kWsF0gNKOH4pWEBX9Jpu5XeADPNF3SLITYt87c9QFWoMZTyhTeXjlfWP6BWv69d8NwM7wpG26dkX3bEHpd6sDyUBo47b9hmCaGt.json',	NULL,	66,	0,	0,	'2022-08-15 16:37:36',	'unpublished'),
(184,	57,	'Andrea',	'code_cachereHzAag4T2UqwlJLYEsT81UEkmUXXiKlR8XuV6cZzxvfUDDfIkIU3Xmu7PpSuagdOrqZgbJeCageNVveo39MPjSjpmTtCIkG3hAN.json',	NULL,	67,	0,	0,	'2022-08-15 16:40:12',	'unpublished'),
(185,	57,	'Back Again',	'code_cacheuycdP1T46GnQKqSt2Oot1n37NnyDFOgyFo0HvlHgwn8A0dzdLX2NMSkX5z5Wg9ZBlPs3mx4dwWepKwQkVlqQF3tOQrPjBKdPPzWa.json',	NULL,	67,	0,	0,	'2022-08-15 16:41:02',	'unpublished'),
(186,	57,	'The Need To Kiss You',	'code_cachenlWgaCj1VOyLvnbgJQsElFSgtMAc5TL2fZ5QLD6siEuJmL2rjZJKapYlEHaY98WYJ81CqPfbIYthgh6FAyqNBVxv6B7xw6uJ2mS6.json',	NULL,	67,	0,	0,	'2022-08-15 16:42:03',	'unpublished'),
(187,	57,	'This Is Where It Ends',	'code_cacheFTcYXImtDVSQIps6ttVftD8Ewdi4vG3rwDg6UCzZ7Q4r7psCBsa8Q8BlcTY7nAvsPCulwrKUWQV7SIWjdWwlwOYLMUcLNW17D45W.json',	NULL,	67,	0,	0,	'2022-08-15 16:43:10',	'unpublished'),
(188,	57,	'Missing You',	'code_cachezFw8neLjhQMtxb8aU75aLVTaFzNn3ciUCrKKDmhAMgNEZS1hbFEsnhXSPtWLjT6BF16yo4i9L7zHSG0fNm8zVEKOpgpAp73oLuzI.json',	NULL,	67,	0,	0,	'2022-08-15 16:44:34',	'unpublished'),
(189,	57,	'Angry Confrontation',	'code_cachej3CBkEn7jugolLtJc8yRtSKqLd5OdvIKFV93LFUipjP4RFMfQuEXW1vHoJ1WOW9ivym7gnGNcYqtJ5Eedv5zjyd45zQq2G0pxYSV.json',	NULL,	66,	0,	0,	'2022-08-17 14:54:24',	'unpublished'),
(190,	57,	'A Ray Of Hope',	'code_cacheGfpg7f98mXsvmJXax4ugReQmYyd0mFhXTJRuKXwGORpxNTNcHI8N2Ms144AjyPHhM4hgsoIo5tgu9QcWAtXaExTv2bmE7di3oiI3.json',	NULL,	66,	0,	0,	'2022-08-17 14:55:22',	'unpublished'),
(191,	57,	'Taking It Too Far',	'code_cache5ePULCLhf4rBGbIWWhni3bdT0ylwBiljYT7TiqGU2nO8ggL05WQHf9UWgDjPk8ZOsG1VXitkxNM1xqNJAP8MxMzfAI4yULp8O8cH.json',	NULL,	66,	0,	0,	'2022-08-17 14:56:48',	'unpublished'),
(192,	57,	'The Rescue',	'code_cacheECPby4xl2XdRGKs91zGxx6eEnXu1fj1BXpd4jt25z3oSg9H3yNn0gkq6DrdcmqJqUbg5aRhxcCujScXu3YJmHUZZoMIBB8Who3nm.json',	NULL,	66,	0,	0,	'2022-08-17 14:58:01',	'unpublished'),
(193,	57,	'It\'s All Over',	'code_cachenGuf1qxSQLak3yML7mhBPGRp7xDZpfsvHruhIPJhkKCbR5cqPRAfzTamUjLOizdui0qJi0KDzAyBayxJlPFfNjwjLGxPhMIXiCbI.json',	NULL,	66,	0,	0,	'2022-08-17 14:59:04',	'unpublished'),
(194,	57,	'Deception',	'code_cache56kFFhTfO5LfjOn4KGhk28ZhIMKi3sFm7c3dJm3ZGdoNNpGHrJ1E105tbqncMdbAyaZ0H4DOCgn3d9HXZSB9PLZgOFV3NSEPRHZf.json',	NULL,	67,	0,	0,	'2022-08-17 15:00:50',	'unpublished'),
(195,	57,	'Accepting Feelings',	'code_cachewxS7ti8BQ3WvUhXwmSaXPPUBgZaDrpqSh95CpHV1MIS2926mqLhqicsxOuYr1wpS9gnDlENeD2BAO4DmnfdZ8eioFw1qsFkmISml.json',	NULL,	67,	0,	0,	'2022-08-17 15:02:05',	'unpublished'),
(196,	57,	'Just Kiss Me',	'code_cacheIwtnNOmUH0hLeXx9UVmkBiysJ3LyjVyRfREz73zHJmpK4fbWlcaJtLjaT4c8dToM63hr67hcEkNbABShvmmMjUcLHDIbRkpYtv75.json',	NULL,	67,	0,	0,	'2022-08-17 15:03:01',	'unpublished'),
(197,	57,	'Faith Is All You Need',	'code_cacheesxmr2gLHXg6C4eGuePL6HBd6ta5rAkqqkaWs3YFZLvPvZkNdNjRDbbw7l3xFa0uurTd50B5vZs7aLlTiRlGp4Bcf6AnmVdIQIJs.json',	NULL,	66,	0,	0,	'2022-08-19 16:10:59',	'unpublished'),
(198,	57,	'My Real Boyfriend',	'code_cache0FdTsg8oRwto1Am85TtNBm9UzbAEb7ZJ1XfBMrPakIhMsJnzAo3bJWoKNMHyZF0ETazV1ciIDW1v9sBZmBAO1e0db1qEmT0pwNMU.json',	NULL,	67,	0,	0,	'2022-08-19 16:12:12',	'unpublished'),
(199,	57,	'Everything Is Now Coming Together',	'code_cacheRMbRasWiMrMX0lwZa76JgOdcvsFaTImG0292EK3WeBrh1RqjIs1m0dm5Xg2j6FXqo5IOqlPbAEFrnc1PgycutzbApoEqxLNkY8ys.json',	NULL,	66,	0,	0,	'2022-08-19 16:13:30',	'unpublished'),
(200,	57,	'Moving On',	'code_cachewbw9nVOU5rVHrv3iRV6WzdaUABibECO5ynpqyyHooeojiGVDSqxIt1GqQ52LZP10NIwYwEgF3xC97wynsGFHjr5XQhgMrAIDqcAu.json',	NULL,	66,	0,	0,	'2022-08-26 17:48:30',	'unpublished'),
(201,	57,	'Epilogue',	'code_cachexDdNiQd5QKMBn4u0ZDsjifBznNNvN61Sl7oCawefIvYI1AjFV3Gnyqy3s6LzW6hPcxnZzLusK37drQZQlvwpD1CTMl8KuXNtKtS6.json',	NULL,	66,	0,	0,	'2022-08-26 17:49:53',	'unpublished'),
(202,	57,	'Epilogue',	'code_cacheXkVdK7FTSHahN5WYpPbkw95RIb5ZO69e6CBOA5zARFCNArWVkQuMdkegCSgTSbBs05FKXQ4CW40MIGfs7r06P6D5aZ7wpD3Vp8Fr.json',	NULL,	67,	0,	0,	'2022-08-26 17:50:45',	'unpublished'),
(206,	37,	'08. Madam Guilia',	'code_cacheebbzm31E3RPteP0asfu2XY7ps0helXuycmr8PL141KyxydDKITvMtNrcOAZ1gZL4CiwgAkAretQIrHTZO7SLew32rKU2Gs1xdPOl.json',	NULL,	74,	0,	0,	'2022-08-31 10:56:08',	'published'),
(208,	82,	'01: Unbelievable thought ',	'code_cachec1I9ayHz2Z2crptHqUgd9hRepbnxy9SDdgSq4vRDl66LY8WPGllYa6HydG2phIY6FH3vndDXfZYywy6XCWlj8kNOcimived4TFmL.json',	NULL,	75,	0,	0,	'2022-08-31 14:19:51',	'published'),
(209,	37,	'',	'code_cachetTHNmToRByG8wEB0ri4KgMt9KRiyWzBOA64IgrXeHo9viejRiquOQdAYP0NAURR4JWgY3GrZYIpEY9XociinS5Zu9VNJbtLiAY9i.json',	NULL,	74,	0,	0,	'2022-09-01 08:31:51',	'unpublished'),
(210,	82,	'02: Assignment ',	'code_cache9hsNKvZHah8TgrprWiOEd1R4iE1EV4K9p69AxQUy4h4SYHcbSjUGuJPCgImE1i5Ab2U70lYlPwacpIZwbCZeWx1D7cGzzQpShdBg.json',	NULL,	75,	0,	0,	'2022-09-06 13:16:17',	'published'),
(212,	83,	'1. Scary Shadow ',	'code_cache5IFhKX6gsTbmdUMuRmi8akj878VupJwGX3KD95zKQLxnKZWmF19pm3Pcktb4gnOAzafntTpMOWGerZODPOClJ0gcIIbW0x7HJ3ry.json',	NULL,	76,	0,	0,	'2022-09-06 20:37:06',	'published'),
(216,	82,	'03: Orphan ',	'code_cachebZaNGD8ucSrcPkFxSI5T5UKLjcUMYM3I5sIcVMtK207mgaq4yl5o29e1FxMo0GzF0P7AJ8JQu0HzppitwI6p5MZzMKh6wRA7c0x0.json',	NULL,	75,	0,	0,	'2022-09-13 12:58:37',	'published'),
(217,	83,	'2. Pure Love',	'code_cache3NOHnVZFjwwxu29vDWI7sEuJP7RKb1Hv9mHwpPzzBvt2kwCWqMaR05IQFZ77AL7GohFL6fwQSieqyLziDeGpylgufFfZ84n7vrEl.json',	NULL,	76,	0,	0,	'2022-09-13 18:11:55',	'published'),
(218,	95,	'Determination To Conquer',	'code_cacheLpPiBh19CLx8q9fKCnHDMClGEZ6nXjXKfHRPFVFnlzOdE3J6P2nmD4Gmh0gsk7yVcl7zh2Yxuqf1EXMAtJsbmQpSt5eLqx5SxYpN.json',	NULL,	77,	0,	0,	'2022-09-19 08:28:41',	'published'),
(219,	95,	'One Second',	'code_cacheT6wgXoqsIprZyqbQHVKSuZVxzVcar9vBtjjnwkzWwwSoSWitHcKOFsCfZzOvNtu570FUWpEzvDTBMr5kWoMUO5DvAPQYuEUNlZbx.json',	NULL,	77,	0,	0,	'2022-09-19 08:34:08',	'published'),
(220,	95,	'Tormented Kisses',	'code_cache8WwD5FQLTKB0zyIS0I0KH6tnAg7Frt4z9pK03n4k7qBx26nxuYqk4y0DRUoL6xfqYdc8ho1m5I2ZrwtWLTI0sAld5ClwPLZ17oZu.json',	NULL,	77,	0,	0,	'2022-09-19 08:37:14',	'published'),
(221,	95,	'Not As It Seems',	'code_cacheE8porGzd0a9bvG8eauiz3bRkOvfuuC6SzvV6DtPnUK519pS1CmHEREUxy77JS05n8mZsXmiqYbQVoYegUyM9bck4SUYJl5s23szU.json',	NULL,	77,	0,	0,	'2022-09-19 08:38:40',	'published'),
(222,	95,	'Jasmin & Vanilla',	'code_cacheR7vcEcFKXk15dNP7y1BnI1tOOpCYLnMgVYlUfNc7j10A8xuIDBPDBO5DFK4n2WxyjpWPk8h6WIDxPAk1ZfUKcM0BXEwfXIGduy6o.json',	NULL,	78,	0,	0,	'2022-09-19 09:18:49',	'published'),
(223,	95,	'Scent Of A Vampire',	'code_cache7xbAYTZaKLUFggJlyxqo80EhVswu196TMs3kkAy53EN2nB9ImyVh7RUGH5DWpsDvzYugL82Uzjh9r4sLIg7BiGF4yXC4a6XV3xzn.json',	NULL,	78,	0,	0,	'2022-09-19 09:20:09',	'published'),
(224,	95,	'Taste Of Her',	'code_cacheKzAiytl8AaWLJ3kmwz0K5moIg1qiPy1nC04FXDpSvOZoo9EBoS1kBivVNAOlndQ1q3QWQirHo14XdwmddDAVqRviSBoWNBj7j6OP.json',	NULL,	78,	0,	0,	'2022-09-19 09:21:19',	'published'),
(225,	95,	'Coming Home',	'code_cacheyxU6YSoI6Bg6wqGSmLMs73LWbNDk4WujPx8RTcl7dWcpWY1XPbAK9yoBZFYkk2qvRhWBdSztF36FoxQ3TYJkSaGn2Co4vQOIm1Hm.json',	NULL,	79,	0,	0,	'2022-09-19 10:29:01',	'published'),
(226,	95,	'Little Miss Stubborn',	'code_cacheKDmCvahLz3m2BPtlYgen3grAZoW77AXhbhVtgNCL56dsl2Bu9BDtxPwXYnfauP5XwOyjFFsssrEU8ObKALHzX0ozztSP5470lwbx.json',	NULL,	79,	0,	0,	'2022-09-19 10:30:10',	'published'),
(227,	95,	'The Kiss',	'code_cachex8wTuZFQfxN4SVC6xiU0XwjAvhK1B3l1QBZeHsWucFcfaQVttG1OCwwab0rtytsUHWYp9zaEpGCdeJVrIW6GWvwdNiEP7a3P69nO.json',	NULL,	79,	0,	0,	'2022-09-19 10:31:08',	'published'),
(228,	82,	'04: Hidden Love ',	'code_cache4MvBRHPhpVrvOwogmT7xg0NNrZHNJwIdu9aYWoGYP6E8gF4JrH73uWPSBPsPEB3pxyQA46lMdjwrxLASwC83SKGrBgTC09DlcFyp.json',	NULL,	75,	0,	0,	'2022-09-22 19:29:02',	'published'),
(229,	82,	'01: My Family ',	'code_cacheoGcELLvkxtmzxJJ3I446ibo5j2IHM1jMrf8pOZQNJHNGc5ZLfKqTzR3qyNr9mTI7on13ifwkjXE4PP3K1AndhZcC7OxXQmjUY8F5.json',	NULL,	80,	0,	0,	'2022-09-23 18:57:45',	'published'),
(232,	82,	'01: My Rule ',	'code_cachegavWmqRQmmjPIsuWW96lIkVz0ML6Xe9fdVr3ELf8mh62e8YHwbek1qrOyvvgUS427hu7WpC2jD9PvBxDyuqQj2FGnUWaGJFldj3t.json',	NULL,	81,	0,	0,	'2022-09-25 11:51:03',	'published'),
(233,	83,	'3. Life goes on',	'code_cacheH0gWuBaKsqkVAjKNMSEx5KzyGUZnnubskQoVL3ADECR9BhsBhexyZobAl6oIDfAvk91uAmY4GGUMevolUbntmokTGTK4940Yhisy.json',	NULL,	76,	0,	0,	'2022-09-26 19:07:58',	'published'),
(234,	82,	'05: Stress means exams ',	'code_cacherNzVCW3VjMGriiXvvugb8wmUS1dtpyTUZav5y2eViAlvMNr98DSXg0U8BjtEdRjRGxYDgKa9s0n8S0jEGYlek54WfQD55TQBqm92.json',	NULL,	75,	0,	0,	'2022-09-28 17:59:57',	'published'),
(235,	82,	'02: Event',	'code_cacheTtYUyRpiM0e8CbjScQpdlNfsyJStj6s0kjOSTBObBQ92ff32z1R4PNr0u2SL2ciGutZPKYSPoslWOkaxjSdSxfm44k6Chdx2t4uq.json',	NULL,	80,	0,	0,	'2022-09-28 18:05:14',	'published'),
(237,	83,	'1. Deep thought ',	'code_cacheUkFvZU8NxDas665KPvDLm511PgjrlUOvpZqmCGeULD1kq7WrT6IFrO8DVF4RL2e2aDbwzaEuPpbxrK61wwwPbGE56S5towxMIl7M.json',	NULL,	82,	0,	0,	'2022-10-03 22:12:47',	'published'),
(239,	83,	'4. Chaos of life ',	'code_cacheppIdY7ui3FEMeFWtKY6HuUXKK7bCLE4loE3kEEKICpiWItgcCU7KwYDCpOhcc7coX36OaROz56cNGswItZpQdvB2ahC2YpdDPF1D.json',	NULL,	76,	0,	0,	'2022-10-10 21:20:15',	'published'),
(240,	82,	'02: Boring day ',	'code_cachepnStx6saDlZWzbIcEhAivM1Zn2ow2raHB299pe0EgAEbT4ggjnUTkrJrNtBvjYWjWlooiLSGnxEgkgWZVHA1GA8tEVpt22lhZMEK.json',	NULL,	81,	0,	0,	'2022-10-15 09:40:41',	'unpublished'),
(241,	83,	'2. Infidelity ',	'code_cachey7aSMFBNqSNa5ry8pwmTxOyTMp3CTaZTL8EPmDndZh8ZAc8phAPFWA0A1ygX5nDoJTwpc44hG6s7oUgsmPPhmuxl4YCCUNMzhisG.json',	NULL,	82,	0,	0,	'2022-10-17 12:51:58',	'published'),
(242,	83,	'',	'code_cacheVuBPiY23FcKtEiRya6QZpaK71UZ2VUrpL0lf48FeOr7ihKq5uc8vYXyNYSs9Fp2lGd96V73jJ1PLRPqkjRGX4nUOaBShnBoPQfjo.json',	NULL,	76,	0,	0,	'2022-11-04 05:20:13',	'unpublished');

DROP TABLE IF EXISTS `chapter_views`;
CREATE TABLE `chapter_views` (
  `view_id` int(100) NOT NULL AUTO_INCREMENT,
  `view` int(100) NOT NULL,
  `user_id` int(100) NOT NULL,
  `chapter_id` int(100) NOT NULL,
  `book_id` int(100) DEFAULT NULL,
  PRIMARY KEY (`view_id`)
) ENGINE=InnoDB DEFAULT CHARSET=utf8;

INSERT INTO `chapter_views` (`view_id`, `view`, `user_id`, `chapter_id`, `book_id`) VALUES
(11,	1,	34,	33,	24),
(12,	1,	35,	33,	24),
(13,	1,	35,	35,	28),
(14,	1,	34,	34,	28),
(15,	1,	34,	35,	28),
(16,	1,	35,	34,	28),
(17,	1,	36,	34,	28),
(18,	1,	35,	36,	29),
(19,	1,	36,	37,	46),
(20,	1,	34,	37,	46),
(21,	1,	34,	36,	29),
(22,	1,	36,	38,	46),
(23,	1,	37,	33,	24),
(24,	1,	37,	37,	46),
(25,	1,	37,	38,	46),
(26,	1,	35,	37,	46),
(27,	1,	35,	38,	46),
(28,	1,	34,	38,	46),
(29,	1,	37,	42,	52),
(30,	1,	37,	43,	52),
(31,	1,	34,	44,	55),
(32,	1,	34,	45,	24),
(33,	1,	37,	44,	55),
(34,	1,	34,	42,	52),
(35,	1,	34,	43,	52),
(36,	1,	37,	46,	56),
(37,	1,	37,	47,	56),
(38,	1,	37,	48,	56),
(39,	1,	37,	49,	56),
(40,	1,	35,	46,	56),
(41,	1,	35,	47,	56),
(42,	1,	35,	51,	56),
(43,	1,	35,	50,	56),
(44,	1,	35,	49,	56),
(45,	1,	35,	48,	56),
(46,	1,	37,	51,	56),
(47,	1,	37,	50,	56),
(48,	1,	37,	52,	57),
(49,	1,	37,	55,	57),
(50,	1,	37,	56,	58),
(51,	1,	37,	57,	58),
(52,	1,	37,	58,	58),
(53,	1,	37,	60,	58),
(54,	1,	34,	56,	58),
(55,	1,	34,	57,	58),
(56,	1,	34,	58,	58),
(57,	1,	34,	60,	58),
(58,	1,	37,	61,	58),
(59,	1,	37,	62,	58),
(60,	1,	37,	63,	58),
(61,	1,	37,	64,	59),
(62,	1,	37,	65,	59),
(63,	1,	37,	66,	59),
(64,	1,	37,	67,	59),
(65,	1,	34,	64,	59),
(66,	1,	34,	65,	59),
(67,	1,	34,	67,	59),
(68,	1,	34,	66,	59),
(69,	1,	36,	56,	58),
(70,	1,	36,	57,	58),
(71,	1,	36,	58,	58),
(72,	1,	36,	60,	58),
(73,	1,	36,	64,	59),
(74,	1,	36,	65,	59),
(75,	1,	36,	66,	59),
(76,	1,	36,	67,	59),
(77,	1,	34,	62,	58),
(78,	1,	36,	62,	58),
(79,	1,	51,	56,	58),
(80,	1,	45,	68,	60),
(81,	1,	45,	56,	58),
(82,	1,	45,	57,	58),
(83,	1,	45,	58,	58),
(84,	1,	45,	69,	61),
(85,	1,	37,	69,	61),
(86,	1,	37,	71,	63),
(87,	1,	45,	64,	59),
(88,	1,	45,	65,	59),
(89,	1,	45,	66,	59),
(90,	1,	57,	72,	66),
(91,	1,	37,	72,	66),
(92,	1,	45,	72,	66),
(93,	1,	45,	71,	63),
(94,	1,	57,	73,	66),
(95,	1,	57,	74,	66),
(96,	1,	37,	82,	67),
(97,	1,	37,	83,	67),
(98,	1,	37,	84,	67),
(99,	1,	37,	85,	67),
(100,	1,	37,	73,	66),
(101,	1,	37,	74,	66),
(102,	1,	37,	75,	66),
(103,	1,	45,	73,	66),
(104,	1,	45,	74,	66),
(105,	1,	45,	75,	66),
(106,	1,	45,	76,	66),
(107,	1,	45,	77,	66),
(108,	1,	45,	78,	66),
(109,	1,	45,	79,	66),
(110,	1,	45,	80,	66),
(111,	1,	45,	81,	66),
(112,	1,	37,	76,	66),
(113,	1,	37,	77,	66),
(114,	1,	37,	78,	66),
(115,	1,	37,	79,	66),
(116,	1,	37,	80,	66),
(117,	1,	37,	81,	66),
(118,	1,	57,	82,	67),
(119,	1,	60,	86,	68),
(120,	1,	60,	87,	68),
(121,	1,	60,	88,	68),
(122,	1,	60,	89,	68),
(123,	1,	37,	86,	68),
(124,	1,	37,	88,	68),
(125,	1,	37,	90,	68),
(126,	1,	57,	91,	66),
(127,	1,	45,	86,	68),
(128,	1,	45,	88,	68),
(129,	1,	45,	90,	68),
(130,	1,	45,	91,	66),
(131,	1,	45,	92,	66),
(132,	1,	45,	93,	66),
(133,	1,	45,	94,	66),
(134,	1,	62,	71,	63),
(135,	1,	60,	97,	68),
(136,	1,	60,	90,	68),
(137,	1,	37,	97,	68),
(138,	1,	61,	71,	63),
(139,	1,	45,	82,	67),
(140,	1,	45,	83,	67),
(141,	1,	45,	84,	67),
(142,	1,	45,	85,	67),
(143,	1,	61,	98,	70),
(144,	1,	45,	98,	70),
(145,	1,	37,	98,	70),
(146,	1,	35,	64,	59),
(147,	1,	35,	91,	66),
(148,	1,	36,	71,	63),
(149,	1,	36,	91,	66),
(150,	1,	36,	92,	66),
(151,	1,	36,	100,	71),
(152,	1,	36,	86,	68),
(153,	1,	36,	90,	68),
(154,	1,	36,	82,	67),
(155,	1,	66,	82,	67),
(156,	1,	66,	83,	67),
(157,	1,	66,	84,	67),
(158,	1,	66,	56,	58),
(159,	1,	66,	57,	58),
(160,	1,	37,	91,	66),
(161,	1,	37,	92,	66),
(162,	1,	66,	101,	73),
(163,	1,	36,	104,	71),
(164,	1,	37,	93,	66),
(165,	1,	37,	94,	66),
(166,	1,	66,	71,	63),
(167,	1,	66,	86,	68),
(168,	1,	66,	88,	68),
(169,	1,	66,	90,	68),
(170,	1,	73,	56,	58),
(171,	1,	73,	57,	58),
(172,	1,	73,	58,	58),
(173,	1,	73,	86,	68),
(174,	1,	73,	88,	68),
(175,	1,	37,	99,	70),
(176,	1,	36,	88,	68),
(177,	1,	36,	83,	67),
(178,	1,	36,	84,	67),
(179,	1,	36,	85,	67),
(180,	1,	36,	93,	66),
(181,	1,	36,	94,	66),
(182,	1,	36,	103,	71),
(183,	1,	36,	105,	71),
(184,	1,	36,	106,	71),
(185,	1,	36,	107,	71),
(186,	1,	36,	108,	71),
(187,	1,	36,	109,	71),
(188,	1,	36,	110,	71),
(189,	1,	36,	98,	70),
(190,	1,	46,	71,	63),
(191,	1,	45,	99,	70),
(192,	1,	45,	100,	71),
(193,	1,	37,	120,	74),
(194,	1,	37,	119,	74),
(195,	1,	37,	121,	74),
(196,	1,	37,	122,	74),
(197,	1,	77,	71,	63),
(198,	1,	37,	123,	74),
(199,	1,	79,	71,	63),
(200,	1,	80,	56,	58),
(201,	1,	80,	58,	58),
(202,	1,	80,	57,	58),
(203,	1,	80,	120,	74),
(204,	1,	81,	120,	74),
(205,	1,	81,	125,	74),
(206,	1,	81,	121,	74),
(207,	1,	81,	122,	74),
(208,	1,	81,	123,	74),
(209,	1,	81,	124,	74),
(210,	1,	79,	82,	67),
(211,	1,	57,	92,	66),
(212,	1,	57,	93,	66),
(213,	1,	57,	94,	66),
(214,	1,	81,	71,	63),
(215,	1,	37,	125,	74),
(216,	1,	80,	121,	74),
(217,	1,	80,	122,	74),
(218,	1,	80,	123,	74),
(219,	1,	80,	124,	74),
(220,	1,	80,	125,	74),
(221,	1,	81,	56,	58),
(222,	1,	81,	57,	58),
(223,	1,	81,	58,	58),
(224,	1,	37,	126,	66),
(225,	1,	37,	148,	74),
(226,	1,	80,	148,	74),
(227,	1,	82,	86,	68),
(228,	1,	82,	88,	68),
(229,	1,	82,	90,	68),
(230,	1,	83,	120,	74),
(231,	1,	83,	121,	74),
(232,	1,	82,	56,	58),
(233,	1,	82,	57,	58),
(234,	1,	82,	58,	58),
(235,	1,	80,	98,	70),
(236,	1,	79,	83,	67),
(237,	1,	79,	84,	67),
(238,	1,	79,	85,	67),
(239,	1,	86,	64,	59),
(240,	1,	86,	65,	59),
(241,	1,	86,	66,	59),
(242,	1,	86,	56,	58),
(243,	1,	86,	57,	58),
(244,	1,	86,	58,	58),
(245,	1,	87,	56,	58),
(246,	1,	82,	203,	75),
(247,	1,	82,	205,	75),
(248,	1,	37,	206,	74),
(249,	1,	82,	207,	75),
(250,	1,	82,	208,	75),
(251,	1,	37,	209,	74),
(252,	1,	83,	208,	75),
(253,	1,	90,	56,	58),
(254,	1,	37,	208,	75),
(255,	1,	83,	91,	66),
(256,	1,	83,	92,	66),
(257,	1,	83,	93,	66),
(258,	1,	83,	82,	67),
(259,	1,	83,	83,	67),
(260,	1,	83,	98,	70),
(261,	1,	83,	99,	70),
(262,	1,	80,	206,	74),
(263,	1,	46,	120,	74),
(264,	1,	82,	210,	75),
(265,	1,	82,	211,	75),
(266,	1,	83,	210,	75),
(267,	1,	88,	208,	75),
(268,	1,	88,	210,	75),
(269,	1,	88,	120,	74),
(270,	1,	83,	123,	74),
(271,	1,	83,	56,	58),
(272,	1,	83,	125,	74),
(273,	1,	83,	64,	59),
(274,	1,	83,	66,	59),
(275,	1,	92,	212,	76),
(276,	1,	83,	212,	76),
(277,	1,	82,	212,	76),
(278,	1,	93,	56,	58),
(279,	1,	93,	57,	58),
(280,	1,	93,	58,	58),
(281,	1,	94,	82,	67),
(282,	1,	94,	83,	67),
(283,	1,	83,	57,	58),
(284,	1,	82,	216,	75),
(285,	1,	83,	216,	75),
(286,	1,	83,	217,	76),
(287,	1,	82,	217,	76),
(288,	1,	82,	213,	77),
(289,	1,	82,	214,	77),
(290,	1,	82,	215,	77),
(291,	1,	37,	213,	77),
(292,	1,	99,	213,	77),
(293,	1,	99,	214,	77),
(294,	1,	99,	215,	77),
(295,	1,	92,	217,	76),
(296,	1,	37,	214,	77),
(297,	1,	37,	215,	77),
(298,	1,	95,	214,	77),
(299,	1,	101,	212,	76),
(300,	1,	101,	217,	76),
(301,	1,	101,	91,	66),
(302,	1,	82,	229,	80),
(303,	1,	82,	230,	80),
(304,	1,	82,	228,	75),
(305,	1,	103,	212,	76),
(306,	1,	83,	229,	80),
(307,	1,	82,	232,	81),
(308,	1,	37,	222,	78),
(309,	1,	37,	223,	78),
(310,	1,	37,	224,	78),
(311,	1,	37,	225,	79),
(312,	1,	37,	226,	79),
(313,	1,	37,	227,	79),
(314,	1,	83,	232,	81),
(315,	1,	83,	228,	75),
(316,	1,	83,	233,	76),
(317,	1,	82,	233,	76),
(318,	1,	82,	234,	75),
(319,	1,	82,	235,	80),
(320,	1,	92,	233,	76),
(321,	1,	105,	212,	76),
(322,	1,	105,	233,	76),
(323,	1,	105,	217,	76),
(324,	1,	45,	208,	75),
(325,	1,	45,	210,	75),
(326,	1,	45,	216,	75),
(327,	1,	45,	228,	75),
(328,	1,	45,	234,	75),
(329,	1,	45,	218,	77),
(330,	1,	45,	219,	77),
(331,	1,	45,	220,	77),
(332,	1,	82,	236,	81),
(333,	1,	78,	212,	76),
(334,	1,	78,	217,	76),
(335,	1,	78,	233,	76),
(336,	1,	107,	212,	76),
(337,	1,	107,	233,	76),
(338,	1,	108,	56,	58),
(339,	1,	108,	57,	58),
(340,	1,	108,	58,	58),
(341,	1,	83,	237,	82),
(342,	1,	82,	237,	82),
(343,	1,	109,	56,	58),
(344,	1,	109,	58,	58),
(345,	1,	109,	57,	58),
(346,	1,	110,	237,	82),
(347,	1,	110,	216,	75),
(348,	1,	110,	208,	75),
(349,	1,	110,	210,	75),
(350,	1,	110,	228,	75),
(351,	1,	110,	233,	76),
(352,	1,	110,	217,	76),
(353,	1,	110,	212,	76),
(354,	1,	83,	234,	75),
(355,	1,	83,	235,	80),
(356,	1,	83,	238,	76),
(357,	1,	83,	239,	76),
(358,	1,	83,	206,	74),
(359,	1,	83,	148,	74),
(360,	1,	83,	226,	79),
(361,	1,	83,	58,	58),
(362,	1,	82,	240,	81),
(363,	1,	83,	241,	82),
(364,	1,	83,	240,	81),
(365,	1,	83,	122,	74),
(366,	1,	83,	124,	74),
(367,	1,	83,	209,	74),
(368,	1,	92,	239,	76),
(369,	1,	92,	241,	82),
(370,	1,	82,	98,	70),
(371,	1,	112,	56,	58),
(372,	1,	112,	57,	58),
(373,	1,	112,	58,	58),
(374,	1,	82,	99,	70),
(375,	1,	113,	56,	58),
(376,	1,	113,	58,	58),
(377,	1,	113,	57,	58),
(378,	1,	82,	120,	74),
(379,	1,	82,	121,	74),
(380,	1,	82,	122,	74),
(381,	1,	82,	123,	74),
(382,	1,	83,	242,	76),
(383,	1,	36,	218,	77),
(384,	1,	114,	56,	58),
(385,	1,	36,	219,	77),
(386,	1,	36,	208,	75),
(387,	1,	36,	210,	75);

DROP TABLE IF EXISTS `chapter_vote`;
CREATE TABLE `chapter_vote` (
  `vote_id` int(100) NOT NULL AUTO_INCREMENT,
  `vote` int(100) NOT NULL DEFAULT '0',
  `chapter_id` int(100) NOT NULL,
  `user_id` int(100) NOT NULL,
  `book_id` int(100) DEFAULT NULL,
  PRIMARY KEY (`vote_id`)
) ENGINE=InnoDB DEFAULT CHARSET=utf8;

INSERT INTO `chapter_vote` (`vote_id`, `vote`, `chapter_id`, `user_id`, `book_id`) VALUES
(25,	1,	36,	34,	29),
(32,	1,	33,	37,	24),
(34,	1,	42,	34,	52),
(36,	1,	43,	34,	52),
(39,	1,	47,	35,	56),
(47,	1,	47,	37,	56),
(48,	1,	52,	37,	57),
(49,	1,	52,	35,	57),
(50,	1,	58,	34,	58),
(51,	1,	57,	34,	58),
(55,	1,	56,	34,	58),
(58,	1,	37,	34,	46),
(61,	1,	58,	37,	58),
(62,	1,	64,	37,	59),
(63,	1,	64,	34,	59),
(66,	1,	69,	37,	61),
(67,	1,	64,	45,	59),
(70,	1,	73,	45,	66),
(71,	1,	74,	45,	66),
(72,	1,	75,	45,	66),
(73,	1,	76,	45,	66),
(74,	1,	77,	45,	66),
(75,	1,	78,	45,	66),
(77,	1,	79,	45,	66),
(78,	1,	80,	45,	66),
(79,	1,	81,	45,	66),
(80,	1,	73,	37,	66),
(81,	1,	75,	37,	66),
(82,	1,	76,	37,	66),
(83,	1,	77,	37,	66),
(84,	1,	78,	37,	66),
(85,	1,	79,	37,	66),
(86,	1,	80,	37,	66),
(89,	1,	83,	37,	67),
(90,	1,	84,	37,	67),
(92,	1,	71,	37,	63),
(93,	1,	86,	60,	68),
(94,	1,	87,	60,	68),
(95,	1,	89,	60,	68),
(96,	1,	86,	37,	68),
(97,	1,	88,	37,	68),
(98,	1,	90,	37,	68),
(99,	1,	86,	45,	68),
(100,	1,	88,	45,	68),
(102,	1,	90,	45,	68),
(103,	1,	94,	45,	66),
(104,	1,	97,	60,	68),
(105,	1,	82,	45,	67),
(106,	1,	83,	45,	67),
(107,	1,	84,	45,	67),
(108,	1,	85,	45,	67),
(109,	1,	98,	61,	70),
(110,	1,	98,	45,	70),
(111,	1,	98,	37,	70),
(114,	1,	121,	37,	74),
(115,	1,	71,	79,	63),
(117,	1,	82,	79,	67),
(119,	1,	125,	80,	74),
(120,	1,	148,	37,	74),
(121,	1,	148,	80,	74),
(126,	1,	207,	82,	75),
(129,	1,	208,	83,	75),
(131,	1,	83,	83,	67),
(132,	1,	120,	46,	74),
(137,	1,	56,	82,	58),
(140,	1,	212,	82,	76),
(141,	1,	56,	83,	58),
(142,	1,	216,	82,	75),
(143,	1,	213,	37,	77),
(144,	1,	214,	37,	77),
(145,	1,	215,	37,	77),
(148,	1,	224,	37,	78),
(149,	1,	223,	37,	78),
(150,	1,	222,	37,	78),
(151,	1,	227,	37,	79),
(157,	1,	212,	105,	76),
(158,	1,	217,	105,	76),
(160,	1,	219,	45,	77),
(161,	1,	220,	45,	77),
(162,	1,	237,	82,	82),
(164,	1,	237,	110,	82),
(167,	1,	212,	110,	76),
(172,	1,	229,	82,	80),
(173,	1,	235,	82,	80),
(174,	1,	210,	82,	75),
(175,	1,	208,	82,	75),
(177,	1,	237,	83,	82),
(178,	1,	212,	83,	76),
(181,	1,	212,	92,	76),
(182,	1,	240,	82,	81),
(183,	1,	232,	82,	81);

DROP TABLE IF EXISTS `comments`;
CREATE TABLE `comments` (
  `comment_id` int(100) NOT NULL AUTO_INCREMENT,
  `likes` int(255) NOT NULL DEFAULT '0',
  `comment` varchar(2000) NOT NULL,
  `commentator_id` int(255) NOT NULL,
  `user_id` int(255) DEFAULT NULL,
  `book_id` int(255) DEFAULT NULL,
  `paragraph_id` int(255) DEFAULT NULL,
  `chapter_id` int(255) DEFAULT NULL,
  `timestamp` datetime NOT NULL DEFAULT CURRENT_TIMESTAMP,
  PRIMARY KEY (`comment_id`)
) ENGINE=InnoDB DEFAULT CHARSET=utf8;

INSERT INTO `comments` (`comment_id`, `likes`, `comment`, `commentator_id`, `user_id`, `book_id`, `paragraph_id`, `chapter_id`, `timestamp`) VALUES
(22,	0,	'i like this chapter ver much ',	35,	NULL,	NULL,	NULL,	33,	'2021-10-06 19:09:29'),
(36,	0,	'hei',	36,	NULL,	28,	NULL,	NULL,	'2021-10-07 09:16:43'),
(37,	0,	'',	35,	NULL,	28,	NULL,	NULL,	'2021-10-07 11:12:27'),
(38,	0,	'hdhdhd',	35,	NULL,	28,	NULL,	NULL,	'2021-10-07 11:12:31'),
(39,	0,	'hi i am commenting',	35,	NULL,	33,	NULL,	NULL,	'2021-10-08 07:59:27'),
(40,	0,	'hi',	35,	NULL,	41,	NULL,	NULL,	'2021-10-08 12:17:49'),
(41,	0,	'',	35,	NULL,	41,	NULL,	NULL,	'2021-10-08 12:17:50'),
(47,	0,	'hhj#',	34,	NULL,	31,	NULL,	NULL,	'2021-10-11 13:18:30'),
(48,	0,	'vsbbs',	34,	NULL,	31,	NULL,	NULL,	'2021-10-11 13:18:54'),
(52,	0,	'ghar',	34,	NULL,	NULL,	NULL,	37,	'2021-10-12 12:37:34'),
(57,	0,	'hiii',	34,	NULL,	NULL,	NULL,	33,	'2021-10-12 13:30:06'),
(58,	0,	'hxhsjsjs',	34,	NULL,	NULL,	NULL,	33,	'2021-10-12 13:30:47'),
(59,	0,	'hello',	35,	34,	NULL,	NULL,	NULL,	'2021-10-12 13:31:56'),
(60,	0,	'hello',	34,	NULL,	31,	NULL,	NULL,	'2021-10-12 13:32:37'),
(61,	0,	'nice book',	34,	NULL,	46,	NULL,	NULL,	'2021-10-12 13:33:08'),
(62,	0,	'bsbsbsbs',	34,	NULL,	46,	NULL,	NULL,	'2021-10-12 13:33:21'),
(63,	0,	'nice book',	35,	NULL,	46,	NULL,	NULL,	'2021-10-12 13:34:51'),
(64,	0,	'hi',	35,	34,	NULL,	NULL,	NULL,	'2021-10-12 13:44:04'),
(68,	0,	'kafi achi kitab hai',	34,	NULL,	54,	NULL,	NULL,	'2021-10-12 16:51:13'),
(70,	0,	'you are very nice person',	34,	35,	NULL,	NULL,	NULL,	'2021-10-12 16:53:55'),
(71,	0,	'hellow nice profile ',	42,	34,	NULL,	NULL,	NULL,	'2021-10-12 17:08:01'),
(72,	0,	'nice',	34,	NULL,	NULL,	NULL,	44,	'2021-10-13 06:31:54'),
(82,	0,	'nice chapter',	35,	NULL,	NULL,	NULL,	47,	'2021-10-21 18:04:42'),
(83,	0,	'test comment',	37,	NULL,	NULL,	NULL,	58,	'2021-11-09 09:38:41'),
(89,	0,	'hi heloo',	34,	NULL,	NULL,	NULL,	37,	'2021-11-20 07:19:51'),
(90,	0,	'hii',	34,	37,	NULL,	NULL,	NULL,	'2021-11-20 07:28:32'),
(91,	0,	'how r u',	34,	37,	NULL,	NULL,	NULL,	'2021-11-20 07:28:49'),
(92,	0,	'yes',	36,	NULL,	NULL,	NULL,	67,	'2021-11-20 10:16:08'),
(96,	0,	'best book',	37,	NULL,	NULL,	NULL,	56,	'2021-11-22 10:15:13'),
(97,	0,	'great',	37,	NULL,	NULL,	NULL,	56,	'2021-11-22 10:15:18'),
(98,	0,	'new update??',	37,	NULL,	NULL,	NULL,	56,	'2021-11-22 10:15:26'),
(99,	0,	'hello',	37,	NULL,	NULL,	NULL,	56,	'2021-11-22 10:15:33'),
(100,	0,	'hello',	37,	NULL,	NULL,	NULL,	56,	'2021-11-22 10:15:34'),
(101,	0,	'awesome',	37,	NULL,	NULL,	NULL,	56,	'2021-11-22 10:15:43'),
(102,	0,	'good job',	37,	NULL,	NULL,	NULL,	56,	'2021-11-22 10:16:02'),
(103,	0,	'bs hdj',	34,	NULL,	NULL,	NULL,	64,	'2021-11-22 15:05:57'),
(104,	0,	'hsjs',	34,	NULL,	NULL,	NULL,	64,	'2021-11-22 15:06:03'),
(105,	0,	'hsjs',	34,	NULL,	NULL,	NULL,	64,	'2021-11-22 15:06:07'),
(106,	0,	'hshshsjsj',	34,	NULL,	NULL,	NULL,	64,	'2021-11-22 15:06:10'),
(107,	0,	'hshshsj',	34,	NULL,	NULL,	NULL,	64,	'2021-11-22 15:06:13'),
(113,	0,	'hello brother....',	36,	66,	NULL,	NULL,	NULL,	'2022-03-02 08:09:44'),
(116,	0,	'hello',	66,	36,	NULL,	NULL,	NULL,	'2022-03-08 07:38:34'),
(117,	0,	'hello',	66,	36,	NULL,	NULL,	NULL,	'2022-03-27 16:46:13'),
(118,	0,	'amazing ',	82,	NULL,	NULL,	NULL,	208,	'2022-09-06 15:34:58'),
(119,	0,	'❤️',	88,	NULL,	NULL,	NULL,	208,	'2022-09-06 18:05:10'),
(120,	0,	'I was desperately waiting for the next chapter and it\'s really amazing ❤️',	83,	NULL,	NULL,	NULL,	208,	'2022-09-06 18:19:39'),
(121,	0,	'amazing ',	82,	NULL,	NULL,	NULL,	212,	'2022-09-13 19:01:24'),
(122,	0,	'hi',	82,	83,	NULL,	NULL,	NULL,	'2022-09-13 19:45:49'),
(123,	0,	'❤️',	82,	NULL,	NULL,	NULL,	216,	'2022-09-16 16:23:24'),
(124,	0,	'❤️',	82,	NULL,	NULL,	NULL,	210,	'2022-09-16 16:23:46'),
(125,	0,	'❤️',	82,	NULL,	NULL,	NULL,	208,	'2022-09-16 16:24:10'),
(126,	0,	'',	101,	NULL,	NULL,	NULL,	217,	'2022-09-20 17:19:12'),
(127,	0,	'HELLLLO YESSICA HAIRCUT',	103,	94,	NULL,	NULL,	NULL,	'2022-09-24 05:23:48'),
(128,	0,	'',	101,	NULL,	NULL,	NULL,	217,	'2022-09-25 16:26:47'),
(129,	0,	'please continue this novel',	109,	NULL,	NULL,	NULL,	58,	'2022-10-06 01:10:53');

DROP TABLE IF EXISTS `copyrights`;
CREATE TABLE `copyrights` (
  `id` int(11) NOT NULL AUTO_INCREMENT,
  `title` varchar(2000) NOT NULL,
  `copyrights` varchar(5000) NOT NULL,
  PRIMARY KEY (`id`)
) ENGINE=InnoDB DEFAULT CHARSET=utf8;

INSERT INTO `copyrights` (`id`, `title`, `copyrights`) VALUES
(9,	'All Rights Reserved',	'You do not allow your work to be used or adapted in any way without your permission.\r\n'),
(10,	'Public Domain',	'This allows anyone to use your story for any purpose — they could freely print, sell, or turn your story into a movie.'),
(11,	'Creative Commons (CC) Attribution',	'You hold some rights to your story but allow for things like translation or adaptations with credit back to you.'),
(12,	'(CC) Attrib. NonCommercial',	'This license lets others remix, adapt, and build upon your work non-commercially with credit back to you.'),
(13,	'(CC) Attrib. NonComm. NoDerivs',	'This license allows others to share your unaltered work with others as long as you get credit.'),
(14,	'(CC) Attrib. NonComm. ShareAlike',	'This lets others adapt, and build upon your work non-commercially, as long as you are credited and the same terms are applied.'),
(15,	'(CC) Attribution-ShareAlike',	'This lets others adapt and build on your work, even for commercial purposes, as long as you are credited and the same terms are applied.'),
(16,	'(CC) Attribution-NoDerivs',	'This lets others reuse your work for any purpose but it cannot be altered and you must be credited.');

DROP TABLE IF EXISTS `editors_pick`;
CREATE TABLE `editors_pick` (
  `editors_pick_id` int(100) NOT NULL AUTO_INCREMENT,
  `book_id` int(100) NOT NULL,
  PRIMARY KEY (`editors_pick_id`)
) ENGINE=InnoDB DEFAULT CHARSET=utf8;

INSERT INTO `editors_pick` (`editors_pick_id`, `book_id`) VALUES
(29,	75),
(30,	77),
(31,	66),
(32,	67),
(33,	70),
(34,	78);

DROP TABLE IF EXISTS `follower`;
CREATE TABLE `follower` (
  `id` int(255) NOT NULL AUTO_INCREMENT,
  `follower_id` int(255) NOT NULL,
  `following_id` int(255) NOT NULL,
  `timestamp` datetime NOT NULL DEFAULT CURRENT_TIMESTAMP,
  PRIMARY KEY (`id`)
) ENGINE=InnoDB DEFAULT CHARSET=utf8;

INSERT INTO `follower` (`id`, `follower_id`, `following_id`, `timestamp`) VALUES
(41,	34,	35,	'2021-10-06 14:08:07'),
(42,	34,	37,	'2021-10-06 19:07:06'),
(43,	35,	34,	'2021-10-06 19:10:27'),
(44,	34,	39,	'2021-10-08 12:04:27'),
(47,	36,	34,	'2021-10-08 14:04:29'),
(48,	34,	36,	'2021-10-11 09:02:29'),
(49,	42,	34,	'2021-10-12 17:07:44'),
(50,	34,	42,	'2021-10-12 17:14:26'),
(51,	37,	34,	'2021-11-09 09:45:15'),
(52,	37,	45,	'2021-12-20 18:17:02'),
(53,	45,	37,	'2022-01-25 15:14:01'),
(55,	45,	57,	'2022-02-02 16:05:44'),
(56,	80,	37,	'2022-08-09 21:44:10'),
(57,	85,	57,	'2022-08-14 23:00:29'),
(58,	85,	60,	'2022-08-14 23:02:13'),
(59,	85,	37,	'2022-08-14 23:02:42'),
(60,	85,	61,	'2022-08-14 23:03:19'),
(61,	57,	45,	'2022-08-17 15:04:22'),
(62,	57,	85,	'2022-08-17 15:05:25'),
(63,	83,	82,	'2022-09-14 06:04:17'),
(64,	101,	83,	'2022-09-20 17:16:19'),
(65,	103,	94,	'2022-09-24 05:23:13');

DROP TABLE IF EXISTS `heading_image`;
CREATE TABLE `heading_image` (
  `heading_image_id` int(11) NOT NULL AUTO_INCREMENT,
  `image` varchar(1000) NOT NULL,
  `url` varchar(2000) NOT NULL,
  PRIMARY KEY (`heading_image_id`)
) ENGINE=InnoDB DEFAULT CHARSET=utf8mb4;

INSERT INTO `heading_image` (`heading_image_id`, `image`, `url`) VALUES
(10,	'Copy_of_Welcome_Greeting_Cards_-_Made_with_PosterMyWall.jpg',	'https://elysianwelcome.blogspot.com/2022/01/welcome-to-elysian.html'),
(13,	'Copy_of_Wedding_Welcome_Sign_-_Made_with_PosterMyWall.jpg',	'https://elysianwelcome.blogspot.com/2022/01/writers-guide.html');

DROP TABLE IF EXISTS `history`;
CREATE TABLE `history` (
  `id` int(100) NOT NULL AUTO_INCREMENT,
  `user_id` int(100) NOT NULL,
  `keyword` varchar(500) NOT NULL,
  `timestamp` datetime NOT NULL DEFAULT CURRENT_TIMESTAMP,
  PRIMARY KEY (`id`)
) ENGINE=InnoDB DEFAULT CHARSET=utf8;

INSERT INTO `history` (`id`, `user_id`, `keyword`, `timestamp`) VALUES
(50,	35,	'lomri',	'2021-10-06 14:07:11'),
(51,	34,	'haris',	'2021-10-06 14:07:56'),
(52,	34,	'nature',	'2021-10-06 19:06:26'),
(53,	34,	'nature',	'2021-10-06 19:06:26'),
(54,	34,	'm',	'2021-10-06 19:06:46'),
(55,	34,	'm',	'2021-10-06 19:06:47'),
(56,	34,	'fanfic',	'2021-10-06 19:19:01'),
(57,	34,	'book',	'2021-10-06 19:19:34'),
(58,	34,	'book',	'2021-10-06 19:19:34'),
(76,	34,	'book',	'2021-10-07 06:20:09'),
(77,	34,	'books',	'2021-10-07 06:21:27'),
(78,	34,	'fanfic',	'2021-10-07 06:21:39'),
(79,	34,	'mo',	'2021-10-07 06:22:04'),
(80,	34,	'haris',	'2021-10-07 07:45:14'),
(81,	34,	'yes',	'2021-10-07 07:46:14'),
(82,	34,	'book 2',	'2021-10-07 07:46:35'),
(83,	34,	'haris',	'2021-10-07 08:58:27'),
(84,	35,	'mahrukh',	'2021-10-07 09:02:21'),
(85,	35,	'mahrukh',	'2021-10-07 09:13:20'),
(86,	35,	'haris',	'2021-10-07 09:13:33'),
(87,	35,	'mahrukh',	'2021-10-07 09:13:47'),
(88,	35,	'mahrukh',	'2021-10-07 09:14:47'),
(89,	35,	'mahrukh',	'2021-10-07 09:14:49'),
(90,	35,	'mahrukh',	'2021-10-07 09:14:55'),
(95,	35,	'lomri',	'2021-10-07 09:15:25'),
(96,	35,	'lomri',	'2021-10-07 09:15:56'),
(98,	35,	'book',	'2021-10-07 11:10:48'),
(99,	35,	'hi',	'2021-10-07 11:16:03'),
(100,	34,	'haris',	'2021-10-08 08:58:39'),
(101,	34,	'haris',	'2021-10-08 09:06:19'),
(102,	34,	'haris',	'2021-10-08 10:22:20'),
(103,	34,	'haris',	'2021-10-08 10:22:24'),
(104,	34,	'haris',	'2021-10-08 10:33:31'),
(105,	34,	'haris',	'2021-10-08 10:34:55'),
(106,	34,	'hi hello bye',	'2021-10-08 10:43:26'),
(107,	34,	'hi',	'2021-10-08 10:43:34'),
(108,	35,	'khaliq',	'2021-10-08 11:54:03'),
(109,	34,	'haris',	'2021-10-08 12:04:20'),
(110,	34,	'haris',	'2021-10-08 12:04:21'),
(111,	34,	'haris',	'2021-10-08 13:07:32'),
(112,	34,	'haris',	'2021-10-08 13:16:25'),
(113,	34,	'haris',	'2021-10-08 13:16:27'),
(119,	34,	'yes',	'2021-10-09 13:52:33'),
(120,	34,	'haris',	'2021-10-10 19:01:37'),
(121,	34,	'haris',	'2021-10-10 19:06:07'),
(122,	34,	'hi',	'2021-10-11 08:26:08'),
(123,	34,	'book',	'2021-10-11 08:27:14'),
(124,	34,	'hsjsjska',	'2021-10-11 08:27:23'),
(125,	34,	'books',	'2021-10-11 08:27:33'),
(126,	34,	'bye',	'2021-10-11 08:27:47'),
(127,	34,	'yoo',	'2021-10-11 08:27:57'),
(128,	34,	'bsbsnsn',	'2021-10-11 08:30:02'),
(129,	34,	'book',	'2021-10-11 08:30:36'),
(130,	34,	'ook',	'2021-10-11 08:30:54'),
(131,	34,	'ook for',	'2021-10-11 08:31:43'),
(132,	34,	'ook',	'2021-10-11 08:32:00'),
(133,	34,	'hi',	'2021-10-11 08:32:16'),
(134,	34,	'ook for',	'2021-10-11 08:33:32'),
(135,	34,	'ook',	'2021-10-11 08:38:09'),
(136,	34,	'ook for',	'2021-10-11 08:38:32'),
(137,	34,	'hi',	'2021-10-11 08:38:41'),
(138,	34,	'beauty',	'2021-10-11 08:38:47'),
(139,	34,	'good',	'2021-10-11 08:39:34'),
(140,	34,	'lomri',	'2021-10-11 08:40:00'),
(141,	34,	'drama',	'2021-10-11 08:40:08'),
(142,	34,	'bok',	'2021-10-11 08:55:43'),
(143,	34,	'book',	'2021-10-11 08:55:53'),
(144,	34,	'bok',	'2021-10-11 08:56:13'),
(145,	34,	'drama',	'2021-10-11 08:56:23'),
(147,	34,	'book',	'2021-10-11 08:59:58'),
(148,	34,	'khaliq',	'2021-10-11 09:01:23'),
(149,	34,	'khaliq',	'2021-10-11 09:02:50'),
(151,	34,	'book',	'2021-10-11 09:13:43'),
(152,	34,	'bok',	'2021-10-11 09:14:17'),
(153,	34,	'book',	'2021-10-11 13:14:20'),
(154,	34,	'book',	'2021-10-11 13:14:27'),
(155,	34,	'drama',	'2021-10-11 13:14:33'),
(156,	34,	'book',	'2021-10-11 13:14:54'),
(157,	34,	'lomri',	'2021-10-11 13:15:03'),
(158,	34,	'book',	'2021-10-11 13:19:46'),
(159,	34,	'lomri',	'2021-10-11 13:20:12'),
(160,	34,	'lomri',	'2021-10-11 13:20:14'),
(162,	35,	'hi',	'2021-10-11 13:24:27'),
(163,	35,	'hey',	'2021-10-11 13:27:59'),
(164,	35,	'hey',	'2021-10-11 13:30:36'),
(165,	34,	'lomri',	'2021-10-11 13:32:16'),
(166,	35,	'hey',	'2021-10-11 13:33:20'),
(167,	35,	'hey',	'2021-10-11 13:33:59'),
(177,	34,	'lomri',	'2021-10-11 13:47:26'),
(178,	34,	'lomri',	'2021-10-11 13:47:27'),
(179,	35,	'acs',	'2021-10-11 13:47:28'),
(180,	35,	'hey',	'2021-10-11 13:49:01'),
(181,	34,	'khaliq',	'2021-10-11 13:51:01'),
(182,	34,	'good',	'2021-10-11 13:51:16'),
(183,	34,	'book',	'2021-10-11 15:20:00'),
(184,	34,	'lomri',	'2021-10-11 15:20:14'),
(189,	34,	'khaliq',	'2021-10-12 06:33:14'),
(190,	34,	'haris',	'2021-10-12 06:55:51'),
(191,	34,	'khaliq',	'2021-10-12 07:14:11'),
(192,	34,	'haris',	'2021-10-12 07:18:04'),
(193,	34,	'khaliq',	'2021-10-12 07:56:22'),
(194,	34,	'haris',	'2021-10-12 07:58:00'),
(195,	34,	'haris',	'2021-10-12 07:58:42'),
(196,	34,	'khaliq',	'2021-10-12 08:06:56'),
(197,	34,	'haris',	'2021-10-12 08:07:36'),
(198,	35,	'hi',	'2021-10-12 10:44:12'),
(199,	35,	'limit',	'2021-10-12 10:44:58'),
(200,	35,	'lomri',	'2021-10-12 10:45:09'),
(201,	34,	'lomri',	'2021-10-12 10:46:00'),
(202,	34,	'khaliq',	'2021-10-12 10:46:17'),
(203,	34,	'nature',	'2021-10-12 10:46:23'),
(204,	34,	'book 2 updated',	'2021-10-12 10:47:24'),
(205,	35,	'book',	'2021-10-12 10:47:37'),
(206,	34,	'book2 updated',	'2021-10-12 10:47:38'),
(207,	35,	'book',	'2021-10-12 10:47:45'),
(208,	35,	'acs',	'2021-10-12 10:55:20'),
(209,	35,	'acs',	'2021-10-12 10:55:25'),
(210,	34,	'khaliq',	'2021-10-12 11:01:10'),
(211,	35,	'khaliq',	'2021-10-12 11:01:44'),
(214,	35,	'limit',	'2021-10-12 11:59:04'),
(215,	35,	'khaliq',	'2021-10-12 11:59:21'),
(216,	35,	'historical',	'2021-10-12 11:59:43'),
(217,	34,	'moniba',	'2021-10-12 12:05:38'),
(218,	35,	'historical',	'2021-10-12 12:13:57'),
(219,	35,	'historical',	'2021-10-12 12:19:27'),
(220,	34,	'haris',	'2021-10-12 12:44:03'),
(221,	35,	'Monica',	'2021-10-12 13:15:23'),
(222,	35,	'Moniba',	'2021-10-12 13:15:31'),
(223,	34,	'haris',	'2021-10-12 13:27:01'),
(224,	34,	'haris',	'2021-10-12 16:52:59'),
(225,	34,	'drama',	'2021-10-12 16:53:10'),
(226,	34,	'haris',	'2021-10-12 16:53:22'),
(227,	34,	'fanfic',	'2021-10-12 16:58:17'),
(228,	34,	'fanfic',	'2021-10-12 17:00:17'),
(229,	34,	'akhri',	'2021-10-12 17:00:24'),
(230,	34,	'khaliq',	'2021-10-12 17:01:05'),
(231,	34,	'haris',	'2021-10-12 17:02:23'),
(232,	42,	'mahrukh',	'2021-10-12 17:07:21'),
(233,	34,	'top stories',	'2021-10-13 11:04:39'),
(234,	34,	'akhri',	'2021-10-13 11:04:47'),
(235,	35,	'haris',	'2021-10-13 12:05:07'),
(236,	35,	'Book 2 updated',	'2021-10-13 12:10:05'),
(237,	35,	'Haris',	'2021-10-13 12:10:17'),
(241,	34,	'haris',	'2021-10-16 09:19:51'),
(242,	34,	'moniba',	'2021-10-16 09:25:43'),
(245,	34,	'moniba',	'2021-10-21 06:33:29'),
(246,	35,	'mahrukh',	'2021-10-21 18:07:11'),
(247,	35,	'Book 2 updated',	'2021-10-23 09:06:40'),
(255,	34,	'moniba',	'2021-11-08 12:20:55'),
(256,	34,	'book2 updated',	'2021-11-08 12:21:51'),
(263,	34,	'akhri',	'2021-11-12 19:14:52'),
(264,	34,	'top stories',	'2021-11-12 19:15:20'),
(265,	34,	'akhri',	'2021-11-13 05:29:42'),
(266,	34,	'moniba',	'2021-11-13 05:30:49'),
(267,	34,	'romance',	'2021-11-13 05:31:51'),
(268,	34,	'romance',	'2021-11-13 06:14:24'),
(269,	34,	'book',	'2021-11-13 06:14:49'),
(271,	34,	'lomri',	'2021-11-13 13:35:25'),
(272,	34,	'70',	'2021-11-13 13:39:11'),
(273,	34,	'#70',	'2021-11-13 13:39:19'),
(274,	34,	'family',	'2021-11-13 13:39:56'),
(275,	34,	'#family',	'2021-11-13 13:40:03'),
(283,	34,	'70',	'2021-11-20 13:10:08'),
(284,	34,	'book',	'2021-11-20 13:10:33'),
(286,	34,	'mafia',	'2021-11-20 13:14:34'),
(289,	34,	'boos',	'2021-11-20 13:16:19'),
(290,	34,	'books',	'2021-11-20 13:16:28'),
(291,	34,	'book',	'2021-11-20 13:16:41'),
(298,	34,	'book',	'2021-11-23 08:42:01'),
(299,	34,	'70',	'2021-11-23 08:42:52'),
(300,	34,	'luna',	'2021-11-23 08:43:08'),
(301,	34,	'books',	'2021-11-23 08:43:56'),
(302,	34,	'book',	'2021-11-23 08:44:12'),
(303,	34,	'luna',	'2021-11-23 08:44:29'),
(304,	34,	'luna',	'2021-11-23 08:45:04'),
(305,	34,	'luna',	'2021-11-23 08:46:31'),
(313,	45,	'hi',	'2022-01-29 12:25:16'),
(315,	45,	'moniba',	'2022-01-29 12:25:26'),
(317,	45,	'moniba',	'2022-01-29 12:35:15'),
(322,	45,	'mafia',	'2022-01-29 17:36:58'),
(324,	57,	'her saving grace',	'2022-01-29 21:49:53'),
(325,	45,	'hafsa genre',	'2022-02-01 20:45:54'),
(326,	45,	'teen fiction',	'2022-02-02 19:21:18'),
(329,	61,	'her ',	'2022-02-06 21:17:16'),
(417,	66,	'khaliq',	'2022-03-28 11:33:04'),
(418,	66,	'book',	'2022-03-28 11:33:14'),
(430,	36,	'youtube',	'2022-03-29 08:42:29'),
(431,	36,	'youtube',	'2022-03-29 08:42:55'),
(432,	66,	'car',	'2022-03-29 09:15:55'),
(433,	66,	'arso',	'2022-03-29 09:16:05'),
(434,	66,	'khaliq',	'2022-03-29 09:16:20'),
(435,	37,	'hi',	'2022-08-02 22:08:24'),
(436,	37,	'hi',	'2022-08-02 22:08:29'),
(437,	37,	'billionaire ',	'2022-08-09 22:07:43'),
(438,	84,	'his daisy',	'2022-08-13 02:24:21'),
(440,	84,	'werewolf',	'2022-08-13 02:26:37'),
(441,	87,	'the arrangement ',	'2022-08-27 17:47:18'),
(442,	90,	'agreement ',	'2022-09-01 08:48:13'),
(443,	90,	'the agreement ',	'2022-09-01 08:48:36'),
(444,	93,	'the agreement ',	'2022-09-08 00:52:50'),
(445,	93,	'agreement ',	'2022-09-08 00:53:06'),
(446,	93,	'agreement ',	'2022-09-08 00:53:08'),
(447,	95,	'the soldier next door',	'2022-09-19 10:43:43'),
(448,	95,	'tatum whispers',	'2022-09-19 10:44:29'),
(449,	101,	'the anon',	'2022-09-20 17:16:03'),
(450,	101,	'peer kamil',	'2022-09-20 17:28:39'),
(451,	101,	'the Witcher',	'2022-09-20 17:38:48'),
(452,	103,	'OT7reads',	'2022-09-24 05:22:59'),
(453,	104,	'the anonymous',	'2022-09-25 13:10:33'),
(454,	101,	'the non',	'2022-09-25 16:23:19'),
(455,	103,	'OT7reads',	'2022-10-01 17:56:32'),
(456,	106,	'the agreement ',	'2022-10-02 16:32:56'),
(457,	109,	'The agreement',	'2022-10-06 01:04:55'),
(458,	111,	'the agreement ',	'2022-10-11 10:59:01'),
(459,	111,	'the agreement ',	'2022-10-11 10:59:10'),
(460,	112,	'The Agreement ',	'2022-11-03 19:49:36'),
(461,	113,	'the agreement ',	'2022-11-04 04:08:14'),
(462,	36,	'text',	'2022-11-11 03:00:23'),
(463,	114,	'the agreement ',	'2022-12-18 20:05:10');

DROP TABLE IF EXISTS `library_books`;
CREATE TABLE `library_books` (
  `id` int(100) NOT NULL AUTO_INCREMENT,
  `book_id` int(100) NOT NULL,
  `user_id` int(100) NOT NULL,
  PRIMARY KEY (`id`)
) ENGINE=InnoDB DEFAULT CHARSET=utf8;

INSERT INTO `library_books` (`id`, `book_id`, `user_id`) VALUES
(17,	24,	34),
(18,	28,	34),
(34,	27,	35),
(39,	27,	34),
(41,	31,	36),
(42,	46,	36),
(44,	26,	34),
(45,	38,	34),
(46,	26,	36),
(49,	45,	34),
(52,	32,	34),
(53,	49,	35),
(54,	54,	34),
(55,	55,	34),
(56,	31,	34),
(58,	52,	34),
(59,	52,	37),
(60,	56,	37),
(63,	56,	35),
(64,	57,	37),
(67,	59,	45),
(68,	54,	47),
(69,	58,	45),
(70,	62,	45),
(73,	63,	36),
(74,	67,	66),
(80,	63,	79),
(81,	58,	80),
(82,	74,	80),
(83,	63,	80),
(84,	59,	80),
(85,	67,	79),
(86,	74,	84),
(87,	58,	84),
(90,	79,	95),
(91,	78,	95),
(92,	77,	95),
(93,	66,	101),
(94,	76,	101),
(95,	68,	101),
(96,	67,	94),
(97,	77,	45),
(98,	58,	109),
(99,	58,	113);

DROP TABLE IF EXISTS `likes`;
CREATE TABLE `likes` (
  `like_id` int(255) NOT NULL AUTO_INCREMENT,
  `comment_id` int(255) NOT NULL,
  `user_id` int(255) NOT NULL,
  `timestamp` datetime NOT NULL DEFAULT CURRENT_TIMESTAMP,
  PRIMARY KEY (`like_id`)
) ENGINE=InnoDB DEFAULT CHARSET=utf8;

INSERT INTO `likes` (`like_id`, `comment_id`, `user_id`, `timestamp`) VALUES
(81,	21,	34,	'2021-10-06 14:11:28'),
(87,	26,	36,	'2021-10-07 09:15:17'),
(90,	20,	35,	'2021-10-08 15:39:24'),
(91,	63,	35,	'2021-10-12 13:35:03'),
(93,	71,	34,	'2021-10-12 17:18:59'),
(94,	68,	36,	'2021-10-13 18:52:20'),
(95,	53,	36,	'2021-10-13 18:55:04'),
(96,	51,	36,	'2021-10-13 18:55:05'),
(97,	50,	36,	'2021-10-13 18:55:08'),
(105,	82,	35,	'2021-10-21 18:05:09'),
(110,	33,	36,	'2021-11-20 12:18:45'),
(111,	71,	37,	'2021-11-20 12:21:04'),
(113,	90,	34,	'2021-11-20 12:21:36'),
(114,	59,	34,	'2021-11-23 08:51:46'),
(117,	113,	66,	'2022-03-02 08:10:01'),
(119,	35,	36,	'2022-03-03 08:41:14'),
(120,	114,	36,	'2022-03-03 08:52:40'),
(130,	116,	36,	'2022-03-08 07:42:57'),
(131,	83,	80,	'2022-08-09 21:42:13'),
(135,	121,	82,	'2022-09-13 19:01:29'),
(137,	124,	82,	'2022-09-16 16:23:49'),
(140,	123,	82,	'2022-09-16 16:24:47'),
(142,	127,	103,	'2022-09-24 05:23:58'),
(144,	118,	82,	'2022-10-07 20:20:17');

DROP TABLE IF EXISTS `messages`;
CREATE TABLE `messages` (
  `idmessages` int(11) NOT NULL AUTO_INCREMENT,
  `userid1` int(11) DEFAULT NULL,
  `userid2` int(11) DEFAULT NULL,
  `roomname` varchar(255) DEFAULT NULL,
  `messages` longtext,
  PRIMARY KEY (`idmessages`)
) ENGINE=InnoDB DEFAULT CHARSET=utf8mb4;

INSERT INTO `messages` (`idmessages`, `userid1`, `userid2`, `roomname`, `messages`) VALUES
(80,	34,	0,	'xXvOTFwK',	NULL),
(83,	34,	42,	'NVeNeOuw',	NULL),
(85,	37,	37,	'ACeFCWDE',	NULL),
(86,	37,	0,	'mXzqIzIP',	NULL),
(90,	36,	36,	'ykTNYHWy',	NULL),
(91,	34,	34,	'rgyLyNis',	NULL),
(92,	45,	0,	'whllwRYy',	NULL),
(93,	46,	34,	'kBaxoBwy',	NULL),
(95,	49,	0,	'tvOWHvpZ',	NULL),
(98,	57,	0,	'iqDdvyzf',	NULL),
(100,	59,	0,	'owCxlxQJ',	NULL),
(101,	57,	57,	'iuuRQTaK',	NULL),
(103,	62,	0,	'okzUPPZR',	NULL),
(104,	60,	60,	'apYoiZBi',	NULL),
(105,	45,	57,	'RgfyfyDI',	NULL),
(106,	61,	61,	'tminygww',	NULL),
(109,	36,	57,	'kvgWwLwU',	NULL),
(110,	36,	45,	'qqPSvjJG',	'{\'status\': 36, \'message\': \'hello\', \'type\': \'text\', \'time\': \'13:58\', \'date\': \'2022-03-01\'}'),
(112,	36,	0,	'NTHJkNgq',	NULL),
(115,	66,	0,	'eCrWqsDO',	NULL),
(119,	36,	60,	'ZKuYdaIu',	NULL),
(123,	81,	61,	'OhCKaKxs',	NULL),
(124,	82,	0,	'PswFgsZP',	NULL),
(125,	82,	82,	'QbcdBqtv',	NULL),
(126,	79,	57,	'FBeRMfqT',	NULL),
(127,	85,	57,	'kmALWXQH',	NULL),
(128,	85,	60,	'shHiPMLm',	NULL),
(130,	85,	61,	'ujvkMOYG',	NULL),
(131,	88,	0,	'AdVBesap',	NULL),
(133,	82,	83,	'zUyrrsUq',	'{\'status\': 82, \'message\': \'how are you \', \'type\': \'text\', \'time\': \'19:46\', \'date\': \'2022-09-13\'}&&{\'status\': 83, \'message\': \'good \', \'type\': \'text\', \'time\': \'06:05\', \'date\': \'2022-09-14\'}&&{\'status\': 83, \'message\': \'what about you?\', \'type\': \'text\', \'time\': \'06:05\', \'date\': \'2022-09-14\'}&&{\'status\': 82, \'message\': \'amazing \', \'type\': \'text\', \'time\': \'06:06\', \'date\': \'2022-09-14\'}'),
(134,	83,	0,	'jQJIcXUe',	NULL),
(135,	99,	95,	'KUtSaqBg',	NULL),
(136,	95,	0,	'NgrJBmHO',	NULL),
(137,	95,	95,	'CBJzihkH',	NULL),
(138,	101,	0,	'jMBlHLsD',	NULL),
(139,	101,	83,	'UKEHtPfL',	NULL),
(141,	103,	94,	'BRHOFYog',	NULL),
(142,	103,	83,	'ZqrEtCoC',	NULL),
(144,	102,	0,	'xFowPijH',	NULL),
(145,	104,	83,	'Smkmsjsh',	NULL),
(146,	45,	82,	'WTCiQZai',	NULL),
(147,	109,	37,	'uDoRuBuQ',	NULL),
(148,	36,	82,	'FCWWuRBt',	NULL),
(149,	36,	95,	'rptfpWcX',	NULL),
(150,	36,	83,	'TzcIJiwj',	NULL);

DROP TABLE IF EXISTS `paragraph`;
CREATE TABLE `paragraph` (
  `paragraph_id` int(255) NOT NULL AUTO_INCREMENT,
  `user_id` int(11) NOT NULL,
  `book_id` int(11) NOT NULL,
  `detail` varchar(3000) NOT NULL,
  `summary` varchar(3000) NOT NULL,
  `description` varchar(3000) NOT NULL,
  `rating` int(255) NOT NULL DEFAULT '0',
  `image` varchar(555) NOT NULL,
  `points` int(255) NOT NULL DEFAULT '0',
  `credit` int(255) NOT NULL DEFAULT '0',
  `chapter_id` int(255) NOT NULL,
  `timestamp` datetime NOT NULL DEFAULT CURRENT_TIMESTAMP,
  PRIMARY KEY (`paragraph_id`)
) ENGINE=InnoDB DEFAULT CHARSET=utf8;


DROP TABLE IF EXISTS `privacy_policy`;
CREATE TABLE `privacy_policy` (
  `id` int(100) NOT NULL AUTO_INCREMENT,
  `title` varchar(2000) NOT NULL,
  `privacy_policy` longtext NOT NULL,
  `sequence` int(11) DEFAULT NULL,
  PRIMARY KEY (`id`)
) ENGINE=InnoDB DEFAULT CHARSET=utf8;

INSERT INTO `privacy_policy` (`id`, `title`, `privacy_policy`, `sequence`) VALUES
(1,	'Privacy Policy',	'At Elysian (“us”, “we”, “our” or the “Company”) we value your privacy and the importance of safeguarding your data. This Privacy Policy (\"Privacy Policy\") describes our privacy practices for the activities set out below. As per your rights, we inform you how we collect, store, access, and otherwise process information relating to individuals. In this Policy, \"Personal Data\" refers to any information that on its own, or in combination with other available information, can distinguish an individual.',	1),
(2,	'Processing Activities',	'This Privacy Policy applies when you interact with us by doing any of the following:\r\n\r\n•	Make use of our application and services as an authorized user\r\n•	Receive any communication from us including newsletters, emails, calls, or texts\r\n\r\nNote that our Terms of Service apply to this Privacy Policy. By creating an account with Elysian, using the Services, or submitting any Personal Information via the Services, you are consenting to the collection, use and disclosure of your Personal Information as described below in this Privacy Policy. If you do not consent to the use of your Personal Information in these ways, please stop using the Services.\r\n\r\n\r\nThis is important; we hope you will take time to read it carefully.',	2),
(3,	'What is Personal Information?',	'“Personal Information” is any information that can identify you. This may include, but is not limited to, your name, mailing address, telephone number, email address, Internet Protocol (“IP”) address, age, gender, marital status, health information, financial status, credit card information and credit history.',	3),
(4,	'What do we collect and Why do we use it?',	'In order for you to create an account with Elysian and use our Services, we need to collect and process some Personal Information. Depending on your use of the Services, that may include:',	4),
(5,	'What we collect:',	'Information that is necessary for the use of our Services, such as your username, email address, date of birth, and password.\r\n\r\nIf you register for Elysian via third parties like Facebook and Google, they send us information that is necessary for your use of our Services, such as your name, email address, gender and birthdate.\r\n',	5),
(6,	'We use this Personal Information to:',	'Create your Elysian account and provide you with our Services\r\nIdentify you across the Services (e.g. when you sign in, post a story, or make a comment) Make age appropriate content available to you\r\nProvide you with technical support services\r\nCommunicate with you (e.g. letting you know about upcoming changes or improvements) Send you marketing emails, unless you opt-out\r\nDisplay the information as part of your Elysian profile\r\nCalculate anonymous, aggregate statistics to better understand our users, improve our Services, and develop new features\r\n',	6),
(7,	'Age limit:',	'Children under 12 are not permitted to use Elysian, and so this Privacy Policy makes no provision for their use of Wattpad Services.',	7),
(8,	'What can other Elysian users see?',	'Our Services are designed to help you share information with the Elysian community. Any personal information that you voluntarily choose to include in a publicly accessible area of the Service will be available to anyone who has access to that content (including other Elysian users), such as your username, name, the description you create, and your location, as well as the messages you post, whether on your profile, on our forums or to other users, and the lists you create, people you follow, stories you write, and many other bits of information that result from your use of the Services.',	8),
(9,	'How do we share your Personal Information?',	'We may share your Personal Information with third-party service providers, but only where it’s necessary to provide any of the Services to you (e.g., email providers, server providers, etc.). When we share data with third-party services that support our delivery of the Services, we require that they protect your Personal Information to the same standards we do.\r\n\r\nWe do not and will not release, rent or sell your Personal Information, except in the following very limited situations:\r\n\r\nTo comply with an applicable law (including investigations of any crime), regulation, legal process or enforceable governmental request;\r\n\r\nTo enforce or apply our Terms of Use and other policies, including investigation of potential violations;\r\n\r\nTo protect the rights, property, or safety of Elysian, our employees, our users, or the public;\r\n\r\nWe never post anything to your Facebook or other third-party accounts without your permission.',	9),
(10,	'Changes',	'We may modify this Policy at any time. If we make changes to this Policy then we will post an updated version of this Policy on this App.\r\n\r\nHow to contact us\r\n\r\nIf you have any questions about this Privacy Policy, please contact us at or write to us at: business.elysian21@gmail.com\r\n\r\nLast Revised: Oct 05, 2021\r\n',	10);

DROP TABLE IF EXISTS `ratings`;
CREATE TABLE `ratings` (
  `rating_id` int(255) NOT NULL AUTO_INCREMENT,
  `rating` int(255) NOT NULL,
  `text` varchar(2000) DEFAULT NULL,
  `user_id` int(255) NOT NULL,
  `book_id` int(255) NOT NULL,
  `chapter_id` int(255) NOT NULL DEFAULT '0',
  `timestamp` datetime NOT NULL DEFAULT CURRENT_TIMESTAMP,
  PRIMARY KEY (`rating_id`)
) ENGINE=InnoDB DEFAULT CHARSET=utf8;

INSERT INTO `ratings` (`rating_id`, `rating`, `text`, `user_id`, `book_id`, `chapter_id`, `timestamp`) VALUES
(10,	5,	NULL,	34,	25,	0,	'2021-10-08 09:05:43'),
(11,	5,	NULL,	35,	41,	0,	'2021-10-08 12:18:02'),
(12,	5,	NULL,	35,	29,	0,	'2021-10-08 12:19:02'),
(13,	5,	NULL,	35,	35,	0,	'2021-10-08 12:23:45'),
(14,	5,	NULL,	35,	32,	0,	'2021-10-08 12:25:17'),
(15,	4,	NULL,	34,	27,	0,	'2021-10-08 13:19:28'),
(17,	4,	NULL,	34,	28,	0,	'2021-10-10 19:02:58'),
(18,	4,	NULL,	34,	26,	0,	'2021-10-10 19:04:51'),
(19,	5,	NULL,	34,	45,	0,	'2021-10-11 13:21:50'),
(20,	4,	NULL,	34,	46,	0,	'2021-10-11 13:27:19'),
(21,	5,	NULL,	35,	49,	0,	'2021-10-12 13:23:27'),
(22,	5,	NULL,	34,	54,	0,	'2021-10-12 16:51:43'),
(23,	2,	NULL,	34,	55,	0,	'2021-10-12 17:00:40'),
(24,	5,	NULL,	34,	38,	0,	'2021-10-13 06:30:11'),
(25,	4,	NULL,	34,	32,	0,	'2021-10-13 06:30:19'),
(26,	5,	NULL,	34,	35,	0,	'2021-10-13 06:30:30'),
(29,	5,	NULL,	37,	24,	0,	'2021-10-14 17:52:35'),
(30,	5,	NULL,	34,	52,	0,	'2021-10-16 09:35:03'),
(31,	5,	'best book Baha’i issue a hi book by prhi memes khbhi',	35,	31,	0,	'2021-10-16 13:46:45'),
(32,	4,	'good book.',	37,	56,	0,	'2021-10-23 09:24:20'),
(33,	2,	'nice',	35,	56,	0,	'2021-10-23 11:40:21'),
(34,	5,	'good book',	37,	54,	0,	'2021-10-30 10:42:48'),
(37,	5,	'Vhh',	34,	59,	0,	'2021-11-12 19:09:57'),
(38,	4,	'Greattt',	34,	24,	0,	'2021-11-20 07:18:38'),
(44,	5,	'.',	46,	54,	0,	'2021-12-20 17:27:17'),
(45,	5,	'Amazing story.',	45,	63,	0,	'2022-01-29 12:23:22'),
(46,	4,	'hgh',	35,	66,	0,	'2022-02-19 13:36:16'),
(47,	4,	'good',	36,	68,	0,	'2022-04-04 13:39:18'),
(48,	5,	'Interesting ',	88,	75,	0,	'2022-09-06 18:06:36'),
(49,	5,	'WOW!!',	88,	76,	0,	'2022-09-06 18:10:00'),
(50,	5,	'amazing story ❤️',	82,	76,	0,	'2022-09-13 19:45:17'),
(51,	5,	'interesting ',	82,	75,	0,	'2022-09-14 06:08:21'),
(52,	5,	'♥️♥️♥️',	99,	77,	0,	'2022-09-17 05:59:45'),
(53,	5,	'Awesome ',	101,	76,	0,	'2022-09-20 17:24:24'),
(54,	5,	'❤️',	82,	80,	0,	'2022-09-23 19:01:29'),
(55,	5,	'interesting ',	82,	81,	0,	'2022-09-26 18:34:18'),
(56,	3,	'syedkhaliq1@gmail.com',	36,	66,	0,	'2022-11-22 05:14:36');

DROP TABLE IF EXISTS `reply`;
CREATE TABLE `reply` (
  `reply_id` int(100) NOT NULL AUTO_INCREMENT,
  `reply` varchar(2000) NOT NULL,
  `comment_id` int(100) NOT NULL,
  `user_id` int(100) NOT NULL,
  `timestamp` datetime NOT NULL DEFAULT CURRENT_TIMESTAMP,
  PRIMARY KEY (`reply_id`)
) ENGINE=InnoDB DEFAULT CHARSET=utf8;

INSERT INTO `reply` (`reply_id`, `reply`, `comment_id`, `user_id`, `timestamp`) VALUES
(13,	'',	26,	36,	'2021-10-07 09:15:32'),
(15,	'hi',	28,	35,	'2021-10-08 15:38:47'),
(16,	'wuwuhdhsisisissjsb',	20,	34,	'2021-10-10 19:07:31'),
(17,	'wuwuhdhsisisissjsb',	20,	34,	'2021-10-10 19:07:38'),
(20,	'shukria bhai',	71,	34,	'2021-10-12 17:19:08'),
(21,	'yhn ka error yh hai k comment krty waqt comment box nzr nhi araha orr commnet k bd text clear nhi ho',	71,	34,	'2021-10-12 17:19:48'),
(22,	'yhn ka error yh hai k comment krty waqt comment box nzr nhi araha orr commnet k bd text clear nhi ho',	71,	34,	'2021-10-12 17:20:02'),
(23,	'cfd',	71,	34,	'2021-10-13 10:55:37'),
(24,	'helli',	28,	34,	'2021-10-13 10:59:26'),
(25,	'bsbsbsnsns',	28,	34,	'2021-10-13 11:46:29'),
(26,	'waqai',	68,	36,	'2021-10-13 18:52:45'),
(30,	'hey',	75,	35,	'2021-10-18 12:24:12'),
(34,	'hello',	78,	35,	'2021-10-18 12:39:28'),
(36,	'replying',	82,	35,	'2021-10-21 18:05:34'),
(38,	'hello again',	112,	66,	'2022-03-02 08:07:21'),
(39,	'hello',	33,	66,	'2022-03-03 08:48:50'),
(40,	'hellooo',	35,	66,	'2022-03-03 08:49:55'),
(41,	'fine',	91,	66,	'2022-03-03 11:07:17'),
(43,	'hi',	114,	36,	'2022-03-07 08:35:56'),
(44,	'yes ..??',	114,	66,	'2022-03-07 08:38:07'),
(45,	'yes',	112,	36,	'2022-03-08 07:28:21'),
(46,	'hi',	122,	83,	'2022-09-14 06:04:51'),
(47,	'Heyooooooo, u found me here as well??? ',	127,	94,	'2022-09-29 20:32:37');

DROP TABLE IF EXISTS `super_admin`;
CREATE TABLE `super_admin` (
  `sno` int(11) NOT NULL AUTO_INCREMENT,
  `name` varchar(100) NOT NULL,
  `user_name` varchar(100) NOT NULL,
  `password` varchar(100) NOT NULL,
  `status` varchar(100) NOT NULL,
  PRIMARY KEY (`sno`)
) ENGINE=InnoDB DEFAULT CHARSET=utf8mb4;

INSERT INTO `super_admin` (`sno`, `name`, `user_name`, `password`, `status`) VALUES
(1,	'admin',	'admin',	'123',	'super_admin'),
(2,	'subadmin',	'subadmin',	'123',	'admin');

DROP TABLE IF EXISTS `tempbooks`;
CREATE TABLE `tempbooks` (
  `id` int(11) NOT NULL AUTO_INCREMENT,
  PRIMARY KEY (`id`)
) ENGINE=InnoDB DEFAULT CHARSET=utf8;


DROP TABLE IF EXISTS `terms_of_use`;
CREATE TABLE `terms_of_use` (
  `id` int(100) NOT NULL AUTO_INCREMENT,
  `title` varchar(2000) NOT NULL,
  `terms` longtext NOT NULL,
  `sequence` int(11) DEFAULT NULL,
  PRIMARY KEY (`id`)
) ENGINE=MyISAM DEFAULT CHARSET=utf8;

INSERT INTO `terms_of_use` (`id`, `title`, `terms`, `sequence`) VALUES
(1,	'Terms of Service',	'Welcome to the Elysian platform, (“Elysian” “we” or “us”). These terms of service (which includes our Code of Conduct and our Privacy Policy) (“Terms of Service”) are a contract between you and Elysian. By creating your Elysian account and our mobile application to post various content to the Elysian community, including stories you create, comments and messages, or to access and view Elysian content or other user content you’re agreeing to these Terms of Service. If you don’t agree to any of these terms, you can’t use the Elysian Services.',	1),
(2,	'Age limit',	'Our Services are only for people 12 years old and over. If we learn someone under 12 is using Elysian Services, we’ll terminate their account.',	2),
(4,	'You Need an Account',	'You can’t browse very much on the App or use the Services without registering for an account. To get the most out of the Elysian platform, you’ll need to register, choose an account name, and set a password.\r\n\r\n\r\nYou’re responsible for all the activity on your account, and for keeping your password confidential. If you share your account information with anyone, that other person may be able to take control of the account, and we may not be able to determine who is the proper account holder. We will not have any liability to you (or anyone you share your account information with) as a result of your or their actions under those circumstances. If you find out that someone’s used your account without your permission, you should report it at business.elysian21@gmail.com',	3),
(5,	'Your Rights',	'You own all the rights to the content you create and post on the Elysian Services. Of course, if the content wasn’t yours to begin with, putting it on Elysian doesn’t make it yours. Don’t submit content you don’t hold the copyright for (unless you have permission, including to grant Elysian all the rights outlined in these terms).\r\n\r\n\r\nWhen you post content to Elysian, we need the legal permission under applicable copyright laws to display that content to users of the Elysian Services. Legally this means you give us a nonexclusive license to publish your content on the Elysian Services, including anything reasonably related to publishing it (like storing, displaying, reformatting, and distributing it). You’ll need to decide how you want to license your story content to the Elysian community. \r\n\r\nWhen you post content to Elysian, we need the legal permission under applicable copyright laws to display that content to users of the Elysian Services. Legally this means you give us a nonexclusive license to publish your content on the Elysian Services, including anything reasonably related to publishing it (like storing, displaying, reformatting, and distributing it). You’ll need to decide how you want to license your story content to the Elysian community. \r\n\r\nElysian is a free service and to continue to make it free you understand that we enable advertising on the Services, including in connection with the display of your content or other information. We may also use your Content to promote the Services. We will never sell your content to third parties without your explicit permission.',	4),
(6,	'Our Rights ',	'Elysian may change, terminate, or restrict access to any aspect of the Services, at any time, without notice. We can remove any content you post or submit for any reason. Elysian may access, read, preserve, and disclose any information as we reasonably believe is necessary to; \r\n(i) satisfy any applicable law, regulation, legal process or governmental request\r\n(ii) enforce the Terms of Service, including investigation of potential violations \r\n(iii) detect, prevent, or otherwise address fraud, security or technical issues\r\n(iv) respond to user support requests, or \r\n(v) protect the rights, property or safety of the Services, its users and the public.',	5),
(7,	'Account suspension',	'We may suspend or terminate your account or cease providing you with all or part of the Services at any time and for any reason we deem appropriate. We will make reasonable efforts to notify you by the email address associated with your account or the next time you attempt to access your account.',	6),
(8,	'Responsibility for Content',	'All content, whether publicly posted or privately transmitted, is the sole responsibility of the person who originated such content. We may not monitor or control the content posted via the Services and we cannot take responsibility for such content. We do not endorse, support, represent or guarantee the completeness, truthfulness, accuracy, or reliability of any content or communications posted via the Services or endorse any opinions expressed via the Services. You understand that by using the Services, you may be exposed to content that might be offensive, harmful, inaccurate or otherwise inappropriate, or in some cases, postings that have been mislabeled or are otherwise deceptive.',	7),
(9,	'General Terms',	'Changes. Our Terms of Service may change from time to time. If they do, we’ll let you know about any material changes, either by notifying you on the Site or by sending you an email. Please note that your continued use of the Services after any change means that you agree with, and consent to be bound by, the new Terms of Service. If you disagree with any changes in the Terms of Service and do not wish to be subject to the revised terms, you will need to  stop using the Services.\r\n\r\nLast Revised: Oct 05, 2021',	8);

DROP TABLE IF EXISTS `top_categories`;
CREATE TABLE `top_categories` (
  `top_cat_id` int(100) NOT NULL AUTO_INCREMENT,
  `book_id` int(100) NOT NULL,
  PRIMARY KEY (`top_cat_id`)
) ENGINE=MyISAM DEFAULT CHARSET=utf8;

INSERT INTO `top_categories` (`top_cat_id`, `book_id`) VALUES
(32,	75),
(33,	76),
(34,	77),
(35,	66),
(36,	67),
(37,	74);

DROP TABLE IF EXISTS `users`;
CREATE TABLE `users` (
  `user_id` int(255) NOT NULL AUTO_INCREMENT,
  `name` varchar(255) NOT NULL,
  `email` varchar(255) NOT NULL,
  `password` varchar(255) NOT NULL,
  `bio` varchar(5000) DEFAULT NULL,
  `image` varchar(555) NOT NULL,
  `birthday` varchar(100) DEFAULT NULL,
  `phone_number` varchar(255) DEFAULT NULL,
  `country` varchar(255) DEFAULT NULL,
  `rating` int(100) NOT NULL DEFAULT '0',
  `points` int(100) NOT NULL DEFAULT '0',
  `balance` int(100) NOT NULL DEFAULT '0',
  `credit` int(100) NOT NULL DEFAULT '0',
  `followers` int(100) NOT NULL DEFAULT '0',
  `following` int(100) NOT NULL DEFAULT '0',
  `timestamp` datetime NOT NULL DEFAULT CURRENT_TIMESTAMP,
  `user_inactive` varchar(255) NOT NULL DEFAULT 'active',
  PRIMARY KEY (`user_id`)
) ENGINE=InnoDB DEFAULT CHARSET=utf8;

INSERT INTO `users` (`user_id`, `name`, `email`, `password`, `bio`, `image`, `birthday`, `phone_number`, `country`, `rating`, `points`, `balance`, `credit`, `followers`, `following`, `timestamp`, `user_inactive`) VALUES
(34,	'Mahrukh',	'mahrukhwahab96@gmail.com',	'1234',	'I am fine i am trying to work',	'image_picker758586952217155558.jpg',	'2020-12-30 00:00:00.000',	'jdnfjsn',	'Pakistan',	0,	0,	0,	0,	0,	0,	'2021-10-06 13:56:04',	'active'),
(35,	'Haris',	'webtricaapple@gmail.com',	'123',	'123absak updated 2',	'image_picker_1C17BDB3-8BF6-4161-B614-F68CB1CC0CBA-80671-00008335EFDDA19F.jpg',	'2020-12-30 00:00:00.000',	'jdnfjsn',	'Pakistan',	0,	0,	0,	0,	0,	0,	'2021-10-06 14:05:40',	'active'),
(36,	'syed khaliq',	'syedkhaliq1@gmail.com',	'akwebtrica321',	'this is me',	'image_picker197878129366412292.jpg',	'1995-12-01 00:00:00.000',	'03412382579',	'Pakistan',	0,	0,	0,	0,	0,	0,	'2021-10-06 17:26:49',	'active'),
(37,	'Moniba',	'deebazai6@gmail.com',	'protected',	'Balancing between life and my daydreams.. ',	'image_picker6447860401025739450.jpg',	'2000-12-30 00:00:00.000',	'03350032801',	'Pakistan',	0,	0,	0,	0,	0,	0,	'2021-10-06 17:32:21',	'active'),
(38,	'Haris Atiq',	'harisatiq14@gmail.com',	'123',	NULL,	'image_picker_1F874A71-4E74-4BC5-B24C-D7AEE51FDFBE-31737-00005B1CBD6C411A.jpg',	'1999-03-01',	'',	'Bahamas',	0,	0,	0,	0,	0,	0,	'2021-10-07 09:55:27',	'active'),
(39,	'Haris Atiq Memom',	'harisatiq84@gmail.com',	'1234',	NULL,	'image_picker_1F874A71-4E74-4BC5-B24C-D7AEE51FDFBE-31737-00005B1CBD6C411A.jpg',	'1999-03-01',	'',	'Pakistan',	0,	0,	0,	0,	0,	0,	'2021-10-07 10:01:46',	'active'),
(40,	'Haris Memom',	'harisatiq15@gmail.com',	'123',	NULL,	'image_picker_1F874A71-4E74-4BC5-B24C-D7AEE51FDFBE-31737-00005B1CBD6C411A.jpg',	'1999-03-01',	'',	'Pakistan',	0,	0,	0,	0,	0,	0,	'2021-10-07 10:02:44',	'active'),
(41,	'Ali Atiq',	'abc@gmail.com',	'123',	NULL,	'image_picker_D0A8F6E2-6BF8-4654-93B9-3C391D2145AE-31737-00005C63725778E8.jpg',	'1997-10-31',	'',	'Pakistan',	0,	0,	0,	0,	0,	0,	'2021-10-07 10:07:38',	'active'),
(42,	'admin',	'admin@admin.com',	'123',	NULL,	'image_picker4673636290575064558.jpg',	'1996-10-12',	'',	'Albania',	0,	0,	0,	0,	0,	0,	'2021-10-12 17:05:33',	'active'),
(43,	'hello',	'hello@bye.com',	'123',	NULL,	'image_picker_CA5F8E9B-3BCE-48E1-9266-FCAADC6B8CA5-39607-0000EAB1170453B5.jpg',	'1999-10-13',	'',	'Pakistan',	0,	0,	0,	0,	0,	0,	'2021-10-13 10:16:23',	'active'),
(44,	'hello1',	'hello1@bye.com',	'123',	NULL,	'image_picker_CA5F8E9B-3BCE-48E1-9266-FCAADC6B8CA5-39607-0000EAB1170453B5.jpg',	'1999-10-13',	'',	'Pakistan',	0,	0,	0,	0,	0,	0,	'2021-10-13 10:19:48',	'active'),
(45,	'Hafsa Ather',	'Hafsaather12@gmail.com',	'hafsaather12',	'Daydreaming',	'image_picker7887500332925045763.jpg',	'2002-07-12 00:00:00.000',	'',	'Pakistan',	0,	0,	0,	0,	0,	0,	'2021-12-20 17:14:59',	'active'),
(46,	'WARDA',	'shaikhwarda995@gmail.com ',	'A12903478',	NULL,	'image_picker608022110620504431.jpg',	'2002-07-02',	'',	'Pakistan',	0,	0,	0,	0,	0,	0,	'2021-12-20 17:25:38',	'active'),
(47,	'Ali',	'ali@gmail.com',	'12345',	NULL,	'715fcd5a-6132-4258-a8ce-f8d13d3fd2c31044660752813775122.jpg',	'1991-11-19',	'',	'Pakistan',	0,	0,	0,	0,	0,	0,	'2021-12-31 19:33:56',	'active'),
(48,	'Tri Silvina',	'trisilvina58@gmail.com',	'tri silvina.14',	NULL,	'image_picker8816244748348431859.jpg',	'2003-09-14',	'',	'Indonesia',	0,	0,	0,	0,	0,	0,	'2022-01-02 12:20:48',	'active'),
(49,	'asma',	'asmaaliasma35@gmail.com',	'uiopERU789',	NULL,	'image_picker691515091810655130.jpg',	'2001-03-23',	'',	'Pakistan',	0,	0,	0,	0,	0,	0,	'2022-01-03 14:08:52',	'active'),
(50,	'haris123',	'haris1098@gmail.com',	'haris12345',	NULL,	'd346ee58-3690-480e-b3b1-8ac143cdd4e43433339824834599886.jpg',	'1999-01-15',	'',	'Pakistan',	0,	0,	0,	0,	0,	0,	'2022-01-13 19:04:55',	'active'),
(51,	'Haris6408',	'harisatiq6408@gmail.com',	'haris12345',	NULL,	'image_picker4822113388556166440.jpg',	'1999-01-01',	'',	'Pakistan',	0,	0,	0,	0,	0,	0,	'2022-01-14 09:02:59',	'active'),
(52,	'haris1212',	'haris@gmail.com',	'haris1212',	NULL,	'5da74df0-5333-43ea-abcf-1fa1cb71d1f76714027129528909899.jpg',	'1999-01-03',	'',	'Pakistan',	0,	0,	0,	0,	0,	0,	'2022-01-17 18:01:46',	'active'),
(53,	'ibtehaj',	'ibtehajmubeen99@hotmail.com',	'ibtehaj99mubeen',	NULL,	'image_picker549944395833858270.jpg',	'1998-10-29',	'',	'Pakistan',	0,	0,	0,	0,	0,	0,	'2022-01-21 20:15:31',	'active'),
(54,	'Bhabish',	'bhabish105@gmail.com',	'bhabishgautam',	NULL,	'image_picker2459178870519649604.jpg',	'2002-02-07',	'',	'Nepal',	0,	0,	0,	0,	0,	0,	'2022-01-23 08:17:04',	'active'),
(55,	'Harisabc',	'harisabc@gmail.com',	'haris12345',	NULL,	'd629e90b-6067-4587-aa16-6e54bd913efd4980034384541967232.jpg',	'1999-01-03',	'',	'Pakistan',	0,	0,	0,	0,	0,	0,	'2022-01-23 13:15:08',	'active'),
(56,	'muhammad arsalan',	'm.arsalansohail01@gmail.com',	'12345678',	NULL,	'image_picker7269196858339275647.jpg',	'1995-11-16',	'',	'Pakistan',	0,	0,	0,	0,	0,	0,	'2022-01-25 14:30:46',	'active'),
(57,	'Daniesha Ennis',	'kadeneennis67@gmail.com',	'Kadenelove',	NULL,	'image_picker8993838021559396930.jpg',	'1992-02-25',	'',	'Jamaica',	0,	0,	0,	0,	0,	0,	'2022-01-28 23:37:43',	'active'),
(58,	'Ed_dy',	'Edidiongumoreno6@gmail.com',	'fantastic',	NULL,	'image_picker4151979324294572598.jpg',	'2001-10-06',	'',	'Nigeria',	0,	0,	0,	0,	0,	0,	'2022-01-29 11:19:58',	'active'),
(59,	'Jamil',	'dixonjamil3@gmail.com',	'alen3212',	NULL,	'image_picker5915417401583821389.jpg',	'2003-06-26',	'',	'Panama',	0,	0,	0,	0,	0,	0,	'2022-01-29 20:52:59',	'active'),
(60,	'Aviana King',	'iam_ark.04@yahoo.com ',	'imagine_95$',	'Welcome to my world of Imagination!\n\n\n▪︎I love chocolates▪︎\n\n•I sing to relax my mind•\n\n▪︎Sucker of Aesthetic ▪︎\n\n•17 •She/Her •Sagittarius •Moody teen •Dec 13\n\n\nI also design book cover so you can contac',	'image_picker566265437984500100.jpg',	'2004-12-13 00:00:00.000',	'',	'India',	0,	0,	0,	0,	0,	0,	'2022-01-30 12:40:55',	'active'),
(61,	'daisy',	'daisydaph73@gmail.com',	'tramedion',	NULL,	'image_picker2438122384261059459.jpg',	'2002-10-10',	'',	'Kenya',	0,	0,	0,	0,	0,	0,	'2022-01-30 13:29:34',	'active'),
(62,	'Ana ',	'adrbb2000@gmail.com ',	'Way#67',	NULL,	'image_picker6205834286181696232.jpg',	'1967-05-27',	'',	'Costa Rica',	0,	0,	0,	0,	0,	0,	'2022-01-30 20:53:21',	'active'),
(63,	'JRDiDOMENICO',	'Jdidomenico11@hotmail.com',	'Mustang07',	NULL,	'image_picker7684501593052689544.png',	'1992-02-19',	'',	'United States',	0,	0,	0,	0,	0,	0,	'2022-02-02 15:17:10',	'active'),
(64,	'KatieLamb',	'KateVLambert',	'Vivienne1864',	NULL,	'image_picker6566971652684286216.jpg',	'2006-03-08',	'',	'',	0,	0,	0,	0,	0,	0,	'2022-02-03 03:24:56',	'active'),
(65,	'Kate',	'KateVLambert1864@gmail.com',	'Vivienne1864',	NULL,	'image_picker661957626853318854.jpg',	'2006-03-08',	'',	'',	0,	0,	0,	0,	0,	0,	'2022-02-03 09:08:14',	'active'),
(66,	'webtrica',	'webtrica@gmail.com',	'12345',	NULL,	'image_picker600368854862158191.jpg',	'1976-03-05',	'',	'Afghanistan',	0,	0,	0,	0,	0,	0,	'2022-03-02 08:05:16',	'active'),
(69,	'Groot',	'Groot@test.com',	'1234',	NULL,	'pexels-photo-771742.jpeg',	'1999-03-01',	'03232629249',	'Pakistan',	0,	0,	0,	0,	0,	0,	'2022-03-07 12:00:55',	'active'),
(70,	'Abdullah ',	'abdullah09071998@gmail.com ',	'ssuet10090',	NULL,	'image_picker681817767620061649.jpg',	'1998-07-09',	'',	'Pakistan',	0,	0,	0,	0,	0,	0,	'2022-03-17 14:30:32',	'active'),
(71,	'abc',	'abdullahahmed787898@gmail.com ',	'abc1234',	NULL,	'image_picker715527066642722254.jpg',	'2000-03-01',	'',	'Pakistan',	0,	0,	0,	0,	0,	0,	'2022-03-21 08:37:39',	'active'),
(72,	'sumair',	'sumairkhan5566@gmail.com ',	'12october1990 ',	NULL,	'ed1091e2-7365-4c94-b0a2-05ae26a227586161622890036179972.jpg',	'1990-10-12',	'',	'Saudi Arabia',	0,	0,	0,	0,	0,	0,	'2022-03-28 15:22:55',	'active'),
(73,	'saad',	'03178557398saadullah@gmail.com',	'jamiat',	NULL,	'image_picker6583528769507349009.jpg',	'2001-09-16',	'',	'Pakistan',	0,	0,	0,	0,	0,	0,	'2022-03-31 11:04:02',	'active'),
(74,	'arsalanshabu',	'arsalanshabu@gmail.com',	'123456',	NULL,	'image_picker7178742737288172554.jpg',	'1996-03-29',	'',	'Afghanistan',	0,	0,	0,	0,	0,	0,	'2022-03-31 17:14:40',	'active'),
(75,	'arbaz',	'arbaz@gmail.com',	'123456',	NULL,	'image_picker8799532237774765772.jpg',	'1996-03-29',	'',	'Azerbaijan',	0,	0,	0,	0,	0,	0,	'2022-03-31 17:16:02',	'active'),
(76,	'ali123',	'aliabbaszaidi123@gmail.com',	'ali123',	NULL,	'image_picker3242658911742750582.jpg',	'1951-03-28',	'',	'Pakistan',	0,	0,	0,	0,	0,	0,	'2022-03-31 17:17:41',	'active'),
(77,	'Sdf',	'sadaffati3@gmail.com',	'sdfj1405 ',	NULL,	'image_picker1385140658209066694.jpg',	'2001-11-14',	'',	'Pakistan',	0,	0,	0,	0,	0,	0,	'2022-08-06 04:21:45',	'active'),
(78,	'Amna Raheem ',	'amnaraheem0711@gmail.com ',	'Jungkook01',	NULL,	'image_picker4757804772037387715.jpg',	'2000-11-07',	'',	'Pakistan',	0,	0,	0,	0,	0,	0,	'2022-08-07 18:25:30',	'active'),
(79,	'Salome ',	'saloagada@gmail.com',	'somagangwu',	NULL,	'image_picker5318081533088266290.jpg',	'2000-09-12',	'',	'Nigeria',	0,	0,	0,	0,	0,	0,	'2022-08-09 15:02:14',	'active'),
(80,	'Nobony ',	'nowernobony@gmail.com',	'eidgifts ',	NULL,	'a402210b-2494-439d-9ebf-3c36fddaa8883551370735394402353.jpg',	'2004-09-27',	'',	'Bangladesh',	0,	0,	0,	0,	0,	0,	'2022-08-09 21:40:31',	'active'),
(81,	'Alexis Pullins',	'apullins18@gmail.com ',	'KaysonJ16!',	NULL,	'image_picker5638857985623382981.jpg',	'2000-08-18',	'',	'United States',	0,	0,	0,	0,	0,	0,	'2022-08-10 04:06:58',	'active'),
(82,	'Esha ',	'eshadar13579@gmail.com',	'111222333',	NULL,	'image_picker6024943859266194345.jpg',	'2003-09-09',	'',	'Pakistan',	0,	0,	0,	0,	0,	0,	'2022-08-10 13:09:12',	'active'),
(83,	'Sadaf ',	'sadafkhan1411@gmail.com',	'123',	NULL,	'image_picker1404884827874400470.jpg',	'2002-11-14',	'',	'Pakistan',	0,	0,	0,	0,	0,	0,	'2022-08-12 14:57:05',	'active'),
(84,	'Kaleigh',	'kdiaz0918@yahoo.com ',	'kdiaz1989',	NULL,	'image_picker8755515762040457339.jpg',	'1989-09-18',	'',	'United States',	0,	0,	0,	0,	0,	0,	'2022-08-13 02:23:57',	'active'),
(85,	'Raneisha Marsdon ',	'neishaloves2write@gmail.com',	'VANNISSA5683',	NULL,	'image_picker1381429050638017759.jpg',	'2003-09-18',	'',	'Jamaica',	0,	0,	0,	0,	0,	0,	'2022-08-14 22:58:58',	'active'),
(86,	'subuhi',	'subuhuakhtar800@gmail.con',	'subuhi123',	NULL,	'image_picker6993970558728664376.jpg',	'2002-08-17',	'',	'Pakistan',	0,	0,	0,	0,	0,	0,	'2022-08-27 13:19:20',	'active'),
(87,	'choco ',	'chocolatesweet968@gmail.com',	'chocy@12345',	NULL,	'image_picker4642125692514377223.jpg',	'2002-05-02',	'',	'India',	0,	0,	0,	0,	0,	0,	'2022-08-27 17:46:54',	'active'),
(88,	'Nabeela Masood',	'nabeelamasood56@gmail.com',	'20032018',	NULL,	'image_picker423668743480620784.png',	'2002-08-28',	'',	'Pakistan',	0,	0,	0,	0,	0,	0,	'2022-08-28 11:19:11',	'active'),
(89,	'zubair',	'zubair_soomro2011@hotmail.com ',	'090078601',	NULL,	'image_picker8134427114012910160.jpg',	'2000-02-02',	'',	'Pakistan',	0,	0,	0,	0,	0,	0,	'2022-09-01 00:58:50',	'active'),
(90,	'butterfly ',	'a4anicejohn@gmail.com',	'a4annie',	NULL,	'image_picker8513020397762869081.png',	'1994-04-06',	'',	'',	0,	0,	0,	0,	0,	0,	'2022-09-01 08:47:55',	'active'),
(91,	'usama ',	'waseemusama146@gmail.com ',	'usamadashing',	NULL,	'image_picker1591003813654205984.png',	'2000-08-11',	'',	'Pakistan',	0,	0,	0,	0,	0,	0,	'2022-09-01 10:46:13',	'active'),
(92,	'Nazia',	'naziamazhar522@gmail.com',	'Naziakhan14',	NULL,	'108b5e85-f9b3-4921-ad6b-dd86f655384f4816013551391684872.jpg',	'1982-09-03',	'',	'Pakistan',	0,	0,	0,	0,	0,	0,	'2022-09-06 20:43:29',	'active'),
(93,	'josie',	'josietaylor831@gmail.com',	'compels98',	NULL,	'e0805ff3-ba05-4c0a-aa60-32c6bc142d0b2603079602303667015.jpg',	'2000-01-08',	'',	'United States',	0,	0,	0,	0,	0,	0,	'2022-09-08 00:49:16',	'active'),
(94,	'OT7reads',	'anujapandit05@gmail.com',	'vminkook@7',	NULL,	'image_picker2895705876901743198.png',	'2006-05-05',	'',	'India',	0,	0,	0,	0,	0,	0,	'2022-09-11 14:29:37',	'active'),
(95,	'Tatum Whispers',	'vionasp@gmail.com',	'Benjie@7919',	NULL,	'image_picker3187300954331425064.png',	'1979-04-08',	'',	'South Africa',	0,	0,	0,	0,	0,	0,	'2022-09-12 19:40:26',	'active'),
(96,	'Nourhene',	'nolwenngautier35@gmail.com',	'1a2z3e4r',	NULL,	'image_picker1302480151300361302.jpg',	'2000-10-20',	'',	'France',	0,	0,	0,	0,	0,	0,	'2022-09-16 07:45:32',	'active'),
(97,	'mano',	'hafsa555@gmail.com',	'hafsakhan ',	NULL,	'image_picker5630581855492924957.jpg',	'2001-01-21',	'',	'Pakistan',	0,	0,	0,	0,	0,	0,	'2022-09-16 20:23:02',	'active'),
(98,	'Princess ',	'hafsa565@gmail.com',	'hafsakhan ',	NULL,	'image_picker6059090061846312672.jpg',	'2001-01-21',	'',	'Pakistan',	0,	0,	0,	0,	0,	0,	'2022-09-16 20:52:48',	'active'),
(99,	'Ella',	'alishbaasim0316@gmail.com',	'03162624633',	NULL,	'image_picker5471229694568599014.png',	'2000-06-08',	'',	'Pakistan',	0,	0,	0,	0,	0,	0,	'2022-09-17 05:56:21',	'active'),
(100,	'Sabrina ',	'sabrinaislam81@gmail.com',	'goldenrsm',	NULL,	'image_picker77847424084381579.jpg',	'1980-09-26',	'',	'United States',	0,	0,	0,	0,	0,	0,	'2022-09-19 02:23:31',	'active'),
(101,	'Rayan',	'naveedrq002@gmail.com',	'Rayan3379',	NULL,	'image_picker6989234648145605965.jpg',	'1998-11-15',	'',	'Pakistan',	0,	0,	0,	0,	0,	0,	'2022-09-20 17:10:44',	'active'),
(102,	'Bella Swan ',	'Bellabts1707',	'Bella@1707',	NULL,	'image_picker4146017882402618105.jpg',	'2009-01-05',	'',	'India',	0,	0,	0,	0,	0,	0,	'2022-09-23 17:14:29',	'active'),
(103,	'April May',	'diawadkar@gmail.com ',	'Sk8er@home',	NULL,	'image_picker1216318518292525665.jpg',	'2004-01-03',	'',	'India',	0,	0,	0,	0,	0,	0,	'2022-09-24 05:22:19',	'active'),
(104,	'areeba',	'areebasiddiqui188',	'100390',	NULL,	'image_picker4076995381615483355.jpg',	'2001-02-18',	'',	'Pakistan',	0,	0,	0,	0,	0,	0,	'2022-09-25 13:09:54',	'active'),
(105,	'mazhar khan ',	'mazharkhan123@gmail.com',	'khan_1405',	NULL,	'image_picker1681788689087801589.jpg',	'1972-04-17',	'',	'Pakistan',	0,	0,	0,	0,	0,	0,	'2022-09-29 11:44:28',	'active'),
(106,	'Gianna Rio',	'kaminivijayan030522@gmail.com',	'kamini030522',	NULL,	'image_picker326653472293176576.jpg',	'2003-05-22',	'',	'Malaysia',	0,	0,	0,	0,	0,	0,	'2022-10-02 16:32:19',	'active'),
(107,	'Saniya Raqib ',	'saniya.raqib@gmail.com',	'sr2461916',	NULL,	'image_picker1524527080012655406.jpg',	'1993-08-27',	'',	'Pakistan',	0,	0,	0,	0,	0,	0,	'2022-10-02 17:27:59',	'active'),
(108,	'Preethi ',	'priyankapreethi2394@gmail.com',	'Shanvitha',	NULL,	'image_picker5624531464707572296.jpg',	'1994-06-23',	'',	'India',	0,	0,	0,	0,	0,	0,	'2022-10-03 07:28:02',	'active'),
(109,	'ni',	'bashirnimat1998@gmail.com',	'kemisola',	NULL,	'image_picker8013737304946650201.jpg',	'1997-12-04',	'',	'Nigeria',	0,	0,	0,	0,	0,	0,	'2022-10-06 01:03:53',	'active'),
(110,	'Khan Ahmad ',	'ka9850779@gmail.com',	'Sadafkhan14',	NULL,	'image_picker570410483616413813.jpg',	'1972-04-17',	'',	'Pakistan',	0,	0,	0,	0,	0,	0,	'2022-10-06 04:06:32',	'active'),
(111,	'leolisa',	'roshnikhan6101984@gmail.com',	'humakhan',	NULL,	'image_picker619117175189930494.jpg',	'2000-10-28',	'',	'India',	0,	0,	0,	0,	0,	0,	'2022-10-11 10:58:40',	'active'),
(112,	'saisha',	'saishanemane2@gmail.com',	'manthan29',	NULL,	'image_picker7419059690124596261.jpg',	'2002-09-18',	'',	'India',	0,	0,	0,	0,	0,	0,	'2022-11-03 19:49:10',	'active'),
(113,	'mariah ',	'robinsonmariah123@gmail.com ',	'20060605atm',	NULL,	'image_picker2196183001650747845.png',	'2000-06-05',	'',	'United States',	0,	0,	0,	0,	0,	0,	'2022-11-04 04:04:01',	'active'),
(114,	'N',	'anisabdulle24@gmail.com ',	'Imthejeff11',	NULL,	'image_picker8980455035987516602.jpg',	'2000-08-15',	'',	'Canada',	0,	0,	0,	0,	0,	0,	'2022-12-18 20:04:51',	'active');

-- 2022-12-29 13:10:48
